order_id,symbol,side,price,quantity,notional_usd,placed_at,grid_level,atr_multiplier,status,filled_at,fill_price,fill_candle_time
57bb2b24-bcae-423d-b855-2baa521271a2,BTCUSDT,ASK,91365.91250000,0.00109450,100.00,2025-11-30T19:24:59.999000+00:00,1,0.50,PENDING,,,
be274ec0-c362-4c26-b908-a9ddebd2d252,BTCUSDT,ASK,91399.82500000,0.00098468,90.00,2025-11-30T19:24:59.999000+00:00,2,1.00,PENDING,,,
a2e93a7d-5a92-4239-a24b-f439294fb8bd,BTCUSDT,ASK,91433.73750000,0.00087495,80.00,2025-11-30T19:24:59.999000+00:00,3,1.50,PENDING,,,
57bb2b24-bcae-423d-b855-2baa521271a2,BTCUSDT,ASK,91365.91250000,0.00109450,100.00,2025-11-30T19:24:59.999000+00:00,1,0.50,FILLED,2025-12-01T11:38:28.993114,91365.91250000,2025-11-30T19:39:59.999000+00:00
b9fefb0c-0b56-40ca-bc70-966139dca807,BTCUSDT,ASK,91466.00000000,0.00109330,100.00,2025-11-30T19:39:59.999000+00:00,1,0.50,PENDING,,,
be274ec0-c362-4c26-b908-a9ddebd2d252,BTCUSDT,ASK,91399.82500000,0.00098468,90.00,2025-11-30T19:24:59.999000+00:00,2,1.00,FILLED,2025-12-01T11:38:28.993142,91399.82500000,2025-11-30T19:39:59.999000+00:00
fd4eceff-2d16-4635-8538-8d4a05279061,BTCUSDT,ASK,91507.00000000,0.00098353,90.00,2025-11-30T19:39:59.999000+00:00,2,1.00,PENDING,,,
a2e93a7d-5a92-4239-a24b-f439294fb8bd,BTCUSDT,ASK,91433.73750000,0.00087495,80.00,2025-11-30T19:24:59.999000+00:00,3,1.50,FILLED,2025-12-01T11:38:28.993157,91433.73750000,2025-11-30T19:39:59.999000+00:00
53c99424-78d6-4313-b23b-bdde7296dc24,BTCUSDT,ASK,91548.00000000,0.00087386,80.00,2025-11-30T19:39:59.999000+00:00,3,1.50,PENDING,,,
330c7e17-91aa-47b3-ad6a-0740abd4a3f3,BTCUSDT,ASK,91365.91250000,0.00109450,100.00,2025-11-30T19:24:59.999000+00:00,1,0.50,PENDING,,,
ffc1e4d8-52a3-433d-91d2-01878789059b,BTCUSDT,ASK,91399.82500000,0.00098468,90.00,2025-11-30T19:24:59.999000+00:00,2,1.00,PENDING,,,
2106cbb4-7411-4557-840e-3339b53e6540,BTCUSDT,ASK,91433.73750000,0.00087495,80.00,2025-11-30T19:24:59.999000+00:00,3,1.50,PENDING,,,
330c7e17-91aa-47b3-ad6a-0740abd4a3f3,BTCUSDT,ASK,91365.91250000,0.00109450,100.00,2025-11-30T19:24:59.999000+00:00,1,0.50,FILLED,2025-12-01T11:38:57.899303+00:00,91365.91250000,2025-11-30T19:39:59.999000+00:00
f1eb3e25-add2-4ca2-b994-a077af2ebb8a,BTCUSDT,ASK,91466.00000000,0.00109330,100.00,2025-11-30T19:39:59.999000+00:00,1,0.50,PENDING,,,
ffc1e4d8-52a3-433d-91d2-01878789059b,BTCUSDT,ASK,91399.82500000,0.00098468,90.00,2025-11-30T19:24:59.999000+00:00,2,1.00,FILLED,2025-12-01T11:38:57.899348+00:00,91399.82500000,2025-11-30T19:39:59.999000+00:00
190ca4f0-b636-48bc-ab03-c2700ff8f511,BTCUSDT,ASK,91507.00000000,0.00098353,90.00,2025-11-30T19:39:59.999000+00:00,2,1.00,PENDING,,,
2106cbb4-7411-4557-840e-3339b53e6540,BTCUSDT,ASK,91433.73750000,0.00087495,80.00,2025-11-30T19:24:59.999000+00:00,3,1.50,FILLED,2025-12-01T11:38:57.899379+00:00,91433.73750000,2025-11-30T19:39:59.999000+00:00
f217574f-41f4-429c-85e3-4d232c9bf61c,BTCUSDT,ASK,91548.00000000,0.00087386,80.00,2025-11-30T19:39:59.999000+00:00,3,1.50,PENDING,,,
024763a2-3210-4402-9c70-ba1b2b52bfc7,BTCUSDT,BID,91371.12500000,0.00109444,100.00,2025-11-30T19:44:59.999000+00:00,1,0.50,PENDING,,,
3931859e-28b5-441b-a4c3-18d75ec6458d,BTCUSDT,BID,91333.35000000,0.00098540,90.00,2025-11-30T19:44:59.999000+00:00,2,1.00,PENDING,,,
4010d031-4119-4003-9e25-22cc5c30efce,BTCUSDT,BID,91295.57500000,0.00087627,80.00,2025-11-30T19:44:59.999000+00:00,3,1.50,PENDING,,,
5270058a-5069-46a0-b36e-0b1aebd9f1b3,BTCUSDT,BID,91503.54615385,0.00109285,100.00,2025-11-30T20:09:59.999000+00:00,1,0.50,PENDING,,,
c4b16769-c82e-4cf8-b3e6-37f4dd57867b,BTCUSDT,BID,91468.49230769,0.00098395,90.00,2025-11-30T20:09:59.999000+00:00,2,1.00,PENDING,,,
b5719953-7b93-4c07-ad90-fbf88f39ccfd,BTCUSDT,BID,91433.43846154,0.00087495,80.00,2025-11-30T20:09:59.999000+00:00,3,1.50,PENDING,,,
5270058a-5069-46a0-b36e-0b1aebd9f1b3,BTCUSDT,BID,91503.54615385,0.00109285,100.00,2025-11-30T20:09:59.999000+00:00,1,0.50,FILLED,2025-12-01T11:38:57.981726+00:00,91503.54615385,2025-11-30T20:09:59.999000+00:00
c4b16769-c82e-4cf8-b3e6-37f4dd57867b,BTCUSDT,BID,91468.49230769,0.00098395,90.00,2025-11-30T20:09:59.999000+00:00,2,1.00,FILLED,2025-12-01T11:38:57.981751+00:00,91468.49230769,2025-11-30T20:09:59.999000+00:00
b5719953-7b93-4c07-ad90-fbf88f39ccfd,BTCUSDT,BID,91433.43846154,0.00087495,80.00,2025-11-30T20:09:59.999000+00:00,3,1.50,FILLED,2025-12-01T11:38:57.995819+00:00,91433.43846154,2025-11-30T20:19:59.999000+00:00
c8af5f30-35a2-4e52-98bd-61a6e4bbfc6b,BTCUSDT,BID,91338.09285714,0.00087587,80.00,2025-11-30T20:19:59.999000+00:00,3,1.50,PENDING,,,
f87c1ec7-b7c8-48df-8a8e-98732e0ad3f1,BTCUSDT,ASK,91396.38571429,0.00109414,100.00,2025-11-30T20:24:59.999000+00:00,1,0.50,PENDING,,,
58759dea-ddb1-42a0-8a5d-7167e8eee3b8,BTCUSDT,ASK,91435.77142857,0.00098430,90.00,2025-11-30T20:24:59.999000+00:00,2,1.00,PENDING,,,
c4b32592-b5b9-4da9-80f8-42b3918ac2a6,BTCUSDT,ASK,91475.15714286,0.00087455,80.00,2025-11-30T20:24:59.999000+00:00,3,1.50,PENDING,,,
f87c1ec7-b7c8-48df-8a8e-98732e0ad3f1,BTCUSDT,ASK,91396.38571429,0.00109414,100.00,2025-11-30T20:24:59.999000+00:00,1,0.50,FILLED,2025-12-01T11:38:58.024350+00:00,91396.38571429,2025-11-30T20:24:59.999000+00:00
58759dea-ddb1-42a0-8a5d-7167e8eee3b8,BTCUSDT,ASK,91435.77142857,0.00098430,90.00,2025-11-30T20:24:59.999000+00:00,2,1.00,FILLED,2025-12-01T11:38:58.024374+00:00,91435.77142857,2025-11-30T20:24:59.999000+00:00
64377d62-224d-4190-962c-833b2169758f,BTCUSDT,ASK,91215.04285714,0.00109631,100.00,2025-11-30T20:34:59.999000+00:00,1,0.50,PENDING,,,
cf539aef-39ac-4994-9e0b-336aff51abd5,BTCUSDT,ASK,91256.38571429,0.00098623,90.00,2025-11-30T20:34:59.999000+00:00,2,1.00,PENDING,,,
e664a6f7-b35b-4ddc-8055-fc8e5f4668c3,BTCUSDT,ASK,91297.72857143,0.00087625,80.00,2025-11-30T20:34:59.999000+00:00,3,1.50,PENDING,,,
64377d62-224d-4190-962c-833b2169758f,BTCUSDT,ASK,91215.04285714,0.00109631,100.00,2025-11-30T20:34:59.999000+00:00,1,0.50,FILLED,2025-12-01T11:38:58.053278+00:00,91215.04285714,2025-11-30T20:34:59.999000+00:00
cf539aef-39ac-4994-9e0b-336aff51abd5,BTCUSDT,ASK,91256.38571429,0.00098623,90.00,2025-11-30T20:34:59.999000+00:00,2,1.00,FILLED,2025-12-01T11:38:58.053302+00:00,91256.38571429,2025-11-30T20:34:59.999000+00:00
e664a6f7-b35b-4ddc-8055-fc8e5f4668c3,BTCUSDT,ASK,91297.72857143,0.00087625,80.00,2025-11-30T20:34:59.999000+00:00,3,1.50,FILLED,2025-12-01T11:38:58.053315+00:00,91297.72857143,2025-11-30T20:34:59.999000+00:00
8c80b4dc-5d1b-40b6-8528-ba6f36373f1a,BTCUSDT,BID,91243.28214286,0.00109597,100.00,2025-11-30T20:49:59.999000+00:00,1,0.50,PENDING,,,
cbb12849-0903-471f-b468-b5cb98d1b71d,BTCUSDT,BID,91203.06428571,0.00098681,90.00,2025-11-30T20:49:59.999000+00:00,2,1.00,PENDING,,,
3cbcb0e1-0620-4aa0-9dd3-efdfe2bdb7ce,BTCUSDT,BID,91162.84642857,0.00087755,80.00,2025-11-30T20:49:59.999000+00:00,3,1.50,PENDING,,,
8c80b4dc-5d1b-40b6-8528-ba6f36373f1a,BTCUSDT,BID,91243.28214286,0.00109597,100.00,2025-11-30T20:49:59.999000+00:00,1,0.50,FILLED,2025-12-01T11:38:58.090886+00:00,91243.28214286,2025-11-30T20:49:59.999000+00:00
f377b6ad-ce99-4e4d-9d44-9c7c8789c836,BTCUSDT,ASK,91183.82857143,0.00109669,100.00,2025-11-30T21:14:59.999000+00:00,1,0.50,PENDING,,,
888b1917-8cfd-4850-9b69-0cda1e747a4d,BTCUSDT,ASK,91237.85714286,0.00098643,90.00,2025-11-30T21:14:59.999000+00:00,2,1.00,PENDING,,,
18cb1c55-2516-4025-9bf4-bf87c143e9b0,BTCUSDT,ASK,91291.88571429,0.00087631,80.00,2025-11-30T21:14:59.999000+00:00,3,1.50,PENDING,,,
f377b6ad-ce99-4e4d-9d44-9c7c8789c836,BTCUSDT,ASK,91183.82857143,0.00109669,100.00,2025-11-30T21:14:59.999000+00:00,1,0.50,FILLED,2025-12-01T11:38:58.114357+00:00,91183.82857143,2025-11-30T21:14:59.999000+00:00
7b8cc6d2-4610-4c91-88df-401d8438ffd4,BTCUSDT,BID,90998.10357143,0.00109892,100.00,2025-11-30T21:39:59.999000+00:00,1,0.50,PENDING,,,
1360f15d-2803-4d78-a149-4834dda6aedd,BTCUSDT,BID,90935.20714286,0.00098972,90.00,2025-11-30T21:39:59.999000+00:00,2,1.00,PENDING,,,
5dd7e3e6-62ed-494c-a1d2-5355f1534ae9,BTCUSDT,BID,90872.31071429,0.00088036,80.00,2025-11-30T21:39:59.999000+00:00,3,1.50,PENDING,,,
7bb34186-de9b-49f7-8232-b404ad25f3f3,BTCUSDT,BID,91081.11428571,0.00109792,100.00,2025-11-30T21:59:59.999000+00:00,1,0.50,PENDING,,,
33b1dd70-54b2-4443-916c-6902455ec371,BTCUSDT,BID,91023.12857143,0.00098876,90.00,2025-11-30T21:59:59.999000+00:00,2,1.00,PENDING,,,
352652f6-fb42-43d7-84ec-a4c6b03613d4,BTCUSDT,BID,90965.14285714,0.00087946,80.00,2025-11-30T21:59:59.999000+00:00,3,1.50,PENDING,,,
7fba1577-bc44-403f-976d-880acadf7de2,BTCUSDT,BID,91188.52857143,0.00109663,100.00,2025-11-30T22:09:59.999000+00:00,1,0.50,PENDING,,,
107b1730-efdb-4058-8ebe-02aefc8ed4b6,BTCUSDT,BID,91128.25714286,0.00098762,90.00,2025-11-30T22:09:59.999000+00:00,2,1.00,PENDING,,,
a0d17c94-7d31-418d-ba9f-4958d13c611d,BTCUSDT,BID,91067.98571429,0.00087846,80.00,2025-11-30T22:09:59.999000+00:00,3,1.50,PENDING,,,
7fba1577-bc44-403f-976d-880acadf7de2,BTCUSDT,BID,91188.52857143,0.00109663,100.00,2025-11-30T22:09:59.999000+00:00,1,0.50,FILLED,2025-12-01T11:38:58.173978+00:00,91188.52857143,2025-11-30T22:24:59.999000+00:00
880cd686-6f80-4a16-b0c6-b052312456da,BTCUSDT,BID,91127.14642857,0.00109737,100.00,2025-11-30T22:24:59.999000+00:00,1,0.50,PENDING,,,
38bb4cc9-3f54-4945-8745-108c150d4db3,BTCUSDT,ASK,91091.48928571,0.00109780,100.00,2025-11-30T22:34:59.999000+00:00,1,0.50,PENDING,,,
84d77a2d-ed2c-46e1-89e6-e4cad4a9a259,BTCUSDT,ASK,91136.27857143,0.00098753,90.00,2025-11-30T22:34:59.999000+00:00,2,1.00,PENDING,,,
b310892a-440d-4c2f-bb75-aac59c27a2c2,BTCUSDT,ASK,91181.06785714,0.00087738,80.00,2025-11-30T22:34:59.999000+00:00,3,1.50,PENDING,,,
38bb4cc9-3f54-4945-8745-108c150d4db3,BTCUSDT,ASK,91091.48928571,0.00109780,100.00,2025-11-30T22:34:59.999000+00:00,1,0.50,FILLED,2025-12-01T11:38:58.203854+00:00,91091.48928571,2025-11-30T22:34:59.999000+00:00
84d77a2d-ed2c-46e1-89e6-e4cad4a9a259,BTCUSDT,ASK,91136.27857143,0.00098753,90.00,2025-11-30T22:34:59.999000+00:00,2,1.00,FILLED,2025-12-01T11:38:58.203877+00:00,91136.27857143,2025-11-30T22:34:59.999000+00:00
b310892a-440d-4c2f-bb75-aac59c27a2c2,BTCUSDT,ASK,91181.06785714,0.00087738,80.00,2025-11-30T22:34:59.999000+00:00,3,1.50,FILLED,2025-12-01T11:38:58.203891+00:00,91181.06785714,2025-11-30T22:34:59.999000+00:00
9d93ea77-a72e-449a-867a-801eebf73343,BTCUSDT,BID,91132.90714286,0.00109730,100.00,2025-11-30T22:59:59.999000+00:00,1,0.50,PENDING,,,
1761f65f-41f7-44b9-b32c-15f1c72bb056,BTCUSDT,BID,91086.91428571,0.00098807,90.00,2025-11-30T22:59:59.999000+00:00,2,1.00,PENDING,,,
1f92b2d7-ca2a-4f3c-a028-1283cc855912,BTCUSDT,BID,91040.92142857,0.00087873,80.00,2025-11-30T22:59:59.999000+00:00,3,1.50,PENDING,,,
9d93ea77-a72e-449a-867a-801eebf73343,BTCUSDT,BID,91132.90714286,0.00109730,100.00,2025-11-30T22:59:59.999000+00:00,1,0.50,FILLED,2025-12-01T11:38:58.240638+00:00,91132.90714286,2025-11-30T22:59:59.999000+00:00
1761f65f-41f7-44b9-b32c-15f1c72bb056,BTCUSDT,BID,91086.91428571,0.00098807,90.00,2025-11-30T22:59:59.999000+00:00,2,1.00,FILLED,2025-12-01T11:38:58.249176+00:00,91086.91428571,2025-11-30T23:04:59.999000+00:00
5fe986b6-0754-4921-964d-d6344607d34b,BTCUSDT,BID,90901.17142857,0.00099009,90.00,2025-11-30T23:04:59.999000+00:00,2,1.00,PENDING,,,
1f92b2d7-ca2a-4f3c-a028-1283cc855912,BTCUSDT,BID,91040.92142857,0.00087873,80.00,2025-11-30T22:59:59.999000+00:00,3,1.50,FILLED,2025-12-01T11:38:58.249194+00:00,91040.92142857,2025-11-30T23:04:59.999000+00:00
e3fcd1d7-b4c7-4c20-8b6a-5e4e8f47046d,BTCUSDT,BID,90850.05714286,0.00088057,80.00,2025-11-30T23:04:59.999000+00:00,3,1.50,PENDING,,,
76e1c0c6-1786-4b3c-8e9a-3b7bfd077c26,BTCUSDT,ASK,90920.35000000,0.00109986,100.00,2025-11-30T23:09:59.999000+00:00,1,0.50,PENDING,,,
cf6a0692-41f5-4aad-9a76-0aab4a9cdac0,BTCUSDT,ASK,90977.40000000,0.00098926,90.00,2025-11-30T23:09:59.999000+00:00,2,1.00,PENDING,,,
7c546c9c-4b95-4c62-93f1-f4549311c781,BTCUSDT,ASK,91034.45000000,0.00087879,80.00,2025-11-30T23:09:59.999000+00:00,3,1.50,PENDING,,,
76e1c0c6-1786-4b3c-8e9a-3b7bfd077c26,BTCUSDT,ASK,90920.35000000,0.00109986,100.00,2025-11-30T23:09:59.999000+00:00,1,0.50,FILLED,2025-12-01T11:38:58.293942+00:00,90920.35000000,2025-11-30T23:09:59.999000+00:00
cf6a0692-41f5-4aad-9a76-0aab4a9cdac0,BTCUSDT,ASK,90977.40000000,0.00098926,90.00,2025-11-30T23:09:59.999000+00:00,2,1.00,FILLED,2025-12-01T11:38:58.293966+00:00,90977.40000000,2025-11-30T23:09:59.999000+00:00
c41a8e56-dffa-46bc-a64f-1ca5242f5784,BTCUSDT,ASK,90682.60000000,0.00110275,100.00,2025-11-30T23:29:59.999000+00:00,1,0.50,PENDING,,,
c6f31621-bd43-433b-9bcd-4fc18580a34a,BTCUSDT,ASK,90749.60000000,0.00099174,90.00,2025-11-30T23:29:59.999000+00:00,2,1.00,PENDING,,,
dd8c6acb-51e0-4976-88aa-1bb19b446348,BTCUSDT,ASK,90816.60000000,0.00088090,80.00,2025-11-30T23:29:59.999000+00:00,3,1.50,PENDING,,,
c41a8e56-dffa-46bc-a64f-1ca5242f5784,BTCUSDT,ASK,90682.60000000,0.00110275,100.00,2025-11-30T23:29:59.999000+00:00,1,0.50,FILLED,2025-12-01T11:38:58.325906+00:00,90682.60000000,2025-11-30T23:29:59.999000+00:00
c6f31621-bd43-433b-9bcd-4fc18580a34a,BTCUSDT,ASK,90749.60000000,0.00099174,90.00,2025-11-30T23:29:59.999000+00:00,2,1.00,FILLED,2025-12-01T11:38:58.325932+00:00,90749.60000000,2025-11-30T23:29:59.999000+00:00
dd8c6acb-51e0-4976-88aa-1bb19b446348,BTCUSDT,ASK,90816.60000000,0.00088090,80.00,2025-11-30T23:29:59.999000+00:00,3,1.50,FILLED,2025-12-01T11:38:58.325948+00:00,90816.60000000,2025-11-30T23:29:59.999000+00:00
bd812b97-58ae-4601-816b-fe574a2ef0be,BTCUSDT,ASK,90432.47500000,0.00110580,100.00,2025-11-30T23:54:59.999000+00:00,1,0.50,PENDING,,,
11420638-5e2b-4918-86dc-19b0639141ee,BTCUSDT,ASK,90511.45000000,0.00099435,90.00,2025-11-30T23:54:59.999000+00:00,2,1.00,PENDING,,,
7adc11c7-cab8-4c58-a200-efa7ff109309,BTCUSDT,ASK,90590.42500000,0.00088310,80.00,2025-11-30T23:54:59.999000+00:00,3,1.50,PENDING,,,
bd812b97-58ae-4601-816b-fe574a2ef0be,BTCUSDT,ASK,90432.47500000,0.00110580,100.00,2025-11-30T23:54:59.999000+00:00,1,0.50,FILLED,2025-12-01T11:38:58.365220+00:00,90432.47500000,2025-11-30T23:54:59.999000+00:00
11420638-5e2b-4918-86dc-19b0639141ee,BTCUSDT,ASK,90511.45000000,0.00099435,90.00,2025-11-30T23:54:59.999000+00:00,2,1.00,FILLED,2025-12-01T11:38:58.365244+00:00,90511.45000000,2025-11-30T23:54:59.999000+00:00
8b430425-cb7f-42f2-a2e8-b964acd28753,BTCUSDT,ASK,89246.02142857,0.00112050,100.00,2025-12-01T00:09:59.999000+00:00,1,0.50,PENDING,,,
c1a8045d-62f2-485a-b123-ba234a22fbc2,BTCUSDT,ASK,89391.04285714,0.00100681,90.00,2025-12-01T00:09:59.999000+00:00,2,1.00,PENDING,,,
2cc21fb5-4b59-416f-af31-5ce0c252f666,BTCUSDT,ASK,89536.06428571,0.00089349,80.00,2025-12-01T00:09:59.999000+00:00,3,1.50,PENDING,,,
8b430425-cb7f-42f2-a2e8-b964acd28753,BTCUSDT,ASK,89246.02142857,0.00112050,100.00,2025-12-01T00:09:59.999000+00:00,1,0.50,FILLED,2025-12-01T11:38:58.397152+00:00,89246.02142857,2025-12-01T00:09:59.999000+00:00
c1a8045d-62f2-485a-b123-ba234a22fbc2,BTCUSDT,ASK,89391.04285714,0.00100681,90.00,2025-12-01T00:09:59.999000+00:00,2,1.00,FILLED,2025-12-01T11:38:58.397176+00:00,89391.04285714,2025-12-01T00:09:59.999000+00:00
2cc21fb5-4b59-416f-af31-5ce0c252f666,BTCUSDT,ASK,89536.06428571,0.00089349,80.00,2025-12-01T00:09:59.999000+00:00,3,1.50,FILLED,2025-12-01T11:38:58.397190+00:00,89536.06428571,2025-12-01T00:09:59.999000+00:00
7ce87c7c-df89-4afd-86f3-c03ec8e42e49,BTCUSDT,ASK,88678.61428571,0.00112767,100.00,2025-12-01T00:24:59.999000+00:00,1,0.50,PENDING,,,
a04d1bc6-6616-41d0-97b5-62c481156302,BTCUSDT,ASK,88853.52857143,0.00101290,90.00,2025-12-01T00:24:59.999000+00:00,2,1.00,PENDING,,,
0378c768-a020-4092-8651-d8804a1879dc,BTCUSDT,ASK,89028.44285714,0.00089859,80.00,2025-12-01T00:24:59.999000+00:00,3,1.50,PENDING,,,
7ce87c7c-df89-4afd-86f3-c03ec8e42e49,BTCUSDT,ASK,88678.61428571,0.00112767,100.00,2025-12-01T00:24:59.999000+00:00,1,0.50,FILLED,2025-12-01T11:38:58.436191+00:00,88678.61428571,2025-12-01T00:24:59.999000+00:00
69f6f995-d4ea-47ef-9c18-5aaed2837dbc,BTCUSDT,ASK,88040.83214286,0.00113584,100.00,2025-12-01T00:39:59.999000+00:00,1,0.50,PENDING,,,
dc94e1fc-0112-472b-9bf9-5208b677621d,BTCUSDT,ASK,88251.96428571,0.00101981,90.00,2025-12-01T00:39:59.999000+00:00,2,1.00,PENDING,,,
7c9d7bb8-4078-4d70-b35a-0f11674c57a1,BTCUSDT,ASK,88463.09642857,0.00090433,80.00,2025-12-01T00:39:59.999000+00:00,3,1.50,PENDING,,,
69f6f995-d4ea-47ef-9c18-5aaed2837dbc,BTCUSDT,ASK,88040.83214286,0.00113584,100.00,2025-12-01T00:39:59.999000+00:00,1,0.50,FILLED,2025-12-01T11:38:58.460122+00:00,88040.83214286,2025-12-01T00:39:59.999000+00:00
f5d08d0b-55e6-4d1e-875f-653e3cc400b1,BTCUSDT,ASK,87353.76428571,0.00114477,100.00,2025-12-01T00:54:59.999000+00:00,1,0.50,PENDING,,,
e5419096-9cdc-4241-96f3-136af6e2706c,BTCUSDT,ASK,87592.22857143,0.00102749,90.00,2025-12-01T00:54:59.999000+00:00,2,1.00,PENDING,,,
d924ea40-3d29-41b6-988a-389cfa8b0a02,BTCUSDT,ASK,87830.69285714,0.00091084,80.00,2025-12-01T00:54:59.999000+00:00,3,1.50,PENDING,,,
f5d08d0b-55e6-4d1e-875f-653e3cc400b1,BTCUSDT,ASK,87353.76428571,0.00114477,100.00,2025-12-01T00:54:59.999000+00:00,1,0.50,FILLED,2025-12-01T11:38:58.484077+00:00,87353.76428571,2025-12-01T00:54:59.999000+00:00
e5419096-9cdc-4241-96f3-136af6e2706c,BTCUSDT,ASK,87592.22857143,0.00102749,90.00,2025-12-01T00:54:59.999000+00:00,2,1.00,FILLED,2025-12-01T11:38:58.491114+00:00,87592.22857143,2025-12-01T01:09:59.999000+00:00
5ba03a67-6ce4-4da6-9c45-a4e9b035ea53,BTCUSDT,ASK,87893.99285714,0.00102396,90.00,2025-12-01T01:09:59.999000+00:00,2,1.00,PENDING,,,
c6c8fa09-9106-4ecb-ac59-001065e03423,BTCUSDT,BID,87271.19285714,0.00114585,100.00,2025-12-01T01:19:59.999000+00:00,1,0.50,PENDING,,,
8df06c9e-061d-4129-860a-1354cb6f8a62,BTCUSDT,BID,87047.58571429,0.00103392,90.00,2025-12-01T01:19:59.999000+00:00,2,1.00,PENDING,,,
fa38f647-9ba4-4a35-b8ae-8ad761e3b847,BTCUSDT,BID,86823.97857143,0.00092140,80.00,2025-12-01T01:19:59.999000+00:00,3,1.50,PENDING,,,
c6c8fa09-9106-4ecb-ac59-001065e03423,BTCUSDT,BID,87271.19285714,0.00114585,100.00,2025-12-01T01:19:59.999000+00:00,1,0.50,FILLED,2025-12-01T11:38:58.517381+00:00,87271.19285714,2025-12-01T01:29:59.999000+00:00
061de343-3bf7-4d5b-a234-1d9ee00c8ab3,BTCUSDT,BID,87023.10000000,0.00114912,100.00,2025-12-01T01:29:59.999000+00:00,1,0.50,PENDING,,,
294dc629-d487-44f3-bd5e-aac67dd8cc27,BTCUSDT,ASK,87319.50714286,0.00114522,100.00,2025-12-01T01:54:59.999000+00:00,1,0.50,PENDING,,,
aa59c5f8-245d-4974-aedb-a0cc1c172eee,BTCUSDT,ASK,87476.71428571,0.00102885,90.00,2025-12-01T01:54:59.999000+00:00,2,1.00,PENDING,,,
6dc43a26-72f2-42ad-b7b5-dc0aaf1b0872,BTCUSDT,ASK,87633.92142857,0.00091289,80.00,2025-12-01T01:54:59.999000+00:00,3,1.50,PENDING,,,
294dc629-d487-44f3-bd5e-aac67dd8cc27,BTCUSDT,ASK,87319.50714286,0.00114522,100.00,2025-12-01T01:54:59.999000+00:00,1,0.50,FILLED,2025-12-01T11:38:58.545727+00:00,87319.50714286,2025-12-01T01:54:59.999000+00:00
caebb63f-455d-4a4a-91b0-c7ad5bb0af4b,BTCUSDT,ASK,87160.40000000,0.00114731,100.00,2025-12-01T02:29:59.999000+00:00,1,0.50,PENDING,,,
f0cfa7c3-708a-416d-bc77-317b0b0ca282,BTCUSDT,ASK,87269.10000000,0.00103129,90.00,2025-12-01T02:29:59.999000+00:00,2,1.00,PENDING,,,
d2ef9022-6c46-41df-86a8-c8f3a426c0f0,BTCUSDT,ASK,87377.80000000,0.00091556,80.00,2025-12-01T02:29:59.999000+00:00,3,1.50,PENDING,,,
a0f779c0-a54b-4d73-a549-fc0e3a019047,BTCUSDT,ASK,86904.35000000,0.00115069,100.00,2025-12-01T02:44:59.999000+00:00,1,0.50,PENDING,,,
f247afeb-6e0b-404e-8ba5-cf5d90791ef5,BTCUSDT,ASK,87024.70000000,0.00103419,90.00,2025-12-01T02:44:59.999000+00:00,2,1.00,PENDING,,,
9452a925-627b-4c77-bd0d-1edb3a6b3b3c,BTCUSDT,ASK,87145.05000000,0.00091801,80.00,2025-12-01T02:44:59.999000+00:00,3,1.50,PENDING,,,
a0f779c0-a54b-4d73-a549-fc0e3a019047,BTCUSDT,ASK,86904.35000000,0.00115069,100.00,2025-12-01T02:44:59.999000+00:00,1,0.50,FILLED,2025-12-01T11:38:58.584966+00:00,86904.35000000,2025-12-01T02:44:59.999000+00:00
2967f6da-a086-4c02-be90-dea5eb4135cb,BTCUSDT,ASK,86492.35357143,0.00115617,100.00,2025-12-01T03:14:59.999000+00:00,1,0.50,PENDING,,,
c1ff53db-86b2-40da-99dd-aaf96bce389d,BTCUSDT,ASK,86619.10714286,0.00103903,90.00,2025-12-01T03:14:59.999000+00:00,2,1.00,PENDING,,,
9c942d83-40ad-4334-a208-1334e2f31d60,BTCUSDT,ASK,86745.86071429,0.00092223,80.00,2025-12-01T03:14:59.999000+00:00,3,1.50,PENDING,,,
2967f6da-a086-4c02-be90-dea5eb4135cb,BTCUSDT,ASK,86492.35357143,0.00115617,100.00,2025-12-01T03:14:59.999000+00:00,1,0.50,FILLED,2025-12-01T11:38:58.610945+00:00,86492.35357143,2025-12-01T03:14:59.999000+00:00
18bb7ace-6a0a-4004-ae15-6cfc67a34498,BTCUSDT,ASK,86306.93928571,0.00115866,100.00,2025-12-01T03:39:59.999000+00:00,1,0.50,PENDING,,,
2e1e51e2-7aea-4d04-b33e-ff80aa08236d,BTCUSDT,ASK,86434.87857143,0.00104125,90.00,2025-12-01T03:39:59.999000+00:00,2,1.00,PENDING,,,
763cd1df-a72d-4fa5-8f0c-516552594054,BTCUSDT,ASK,86562.81785714,0.00092418,80.00,2025-12-01T03:39:59.999000+00:00,3,1.50,PENDING,,,
18bb7ace-6a0a-4004-ae15-6cfc67a34498,BTCUSDT,ASK,86306.93928571,0.00115866,100.00,2025-12-01T03:39:59.999000+00:00,1,0.50,FILLED,2025-12-01T11:38:58.632668+00:00,86306.93928571,2025-12-01T03:39:59.999000+00:00
2e1e51e2-7aea-4d04-b33e-ff80aa08236d,BTCUSDT,ASK,86434.87857143,0.00104125,90.00,2025-12-01T03:39:59.999000+00:00,2,1.00,FILLED,2025-12-01T11:38:58.639420+00:00,86434.87857143,2025-12-01T03:49:59.999000+00:00
8b81ebed-b576-4df8-a2a3-1adae119a22f,BTCUSDT,ASK,86455.01428571,0.00104100,90.00,2025-12-01T03:49:59.999000+00:00,2,1.00,PENDING,,,
b72a1c8d-d2b9-4cd1-a8ee-d126805eeb32,BTCUSDT,ASK,86115.72500000,0.00116123,100.00,2025-12-01T04:14:59.999000+00:00,1,0.50,PENDING,,,
54629058-ef20-4ac5-9829-229110dc2333,BTCUSDT,ASK,86224.35000000,0.00104379,90.00,2025-12-01T04:14:59.999000+00:00,2,1.00,PENDING,,,
1a3f929a-1fdf-4ace-bbc0-1aa42e5f18db,BTCUSDT,ASK,86332.97500000,0.00092664,80.00,2025-12-01T04:14:59.999000+00:00,3,1.50,PENDING,,,
b72a1c8d-d2b9-4cd1-a8ee-d126805eeb32,BTCUSDT,ASK,86115.72500000,0.00116123,100.00,2025-12-01T04:14:59.999000+00:00,1,0.50,FILLED,2025-12-01T11:38:58.664383+00:00,86115.72500000,2025-12-01T04:14:59.999000+00:00
54629058-ef20-4ac5-9829-229110dc2333,BTCUSDT,ASK,86224.35000000,0.00104379,90.00,2025-12-01T04:14:59.999000+00:00,2,1.00,FILLED,2025-12-01T11:38:58.664407+00:00,86224.35000000,2025-12-01T04:14:59.999000+00:00
7a3165dd-71c3-44e6-bf43-6b0192b59243,BTCUSDT,ASK,85808.31071429,0.00116539,100.00,2025-12-01T04:29:59.999000+00:00,1,0.50,PENDING,,,
b183dd7a-3195-4be0-ad9a-7d73eb2c88c0,BTCUSDT,ASK,85907.52142857,0.00104764,90.00,2025-12-01T04:29:59.999000+00:00,2,1.00,PENDING,,,
3b7100b4-e9a6-4fe0-9204-b97a0b74428b,BTCUSDT,ASK,86006.73214286,0.00093016,80.00,2025-12-01T04:29:59.999000+00:00,3,1.50,PENDING,,,
7a3165dd-71c3-44e6-bf43-6b0192b59243,BTCUSDT,ASK,85808.31071429,0.00116539,100.00,2025-12-01T04:29:59.999000+00:00,1,0.50,FILLED,2025-12-01T11:38:58.700040+00:00,85808.31071429,2025-12-01T04:34:59.999000+00:00
1a2f5e8b-683a-4e88-8404-06bb019f0792,BTCUSDT,ASK,85978.24642857,0.00116308,100.00,2025-12-01T04:34:59.999000+00:00,1,0.50,PENDING,,,
b183dd7a-3195-4be0-ad9a-7d73eb2c88c0,BTCUSDT,ASK,85907.52142857,0.00104764,90.00,2025-12-01T04:29:59.999000+00:00,2,1.00,FILLED,2025-12-01T11:38:58.712703+00:00,85907.52142857,2025-12-01T04:39:59.999000+00:00
82903105-7327-486a-a748-b297edb68630,BTCUSDT,ASK,86104.85000000,0.00104524,90.00,2025-12-01T04:39:59.999000+00:00,2,1.00,PENDING,,,
7324f51e-9ab1-4645-8082-91b40a07fd8f,BTCUSDT,BID,85768.62857143,0.00116593,100.00,2025-12-01T04:44:59.999000+00:00,1,0.50,PENDING,,,
9145066f-514c-409c-8997-92ff42a1b1c9,BTCUSDT,BID,85670.35714286,0.00105054,90.00,2025-12-01T04:44:59.999000+00:00,2,1.00,PENDING,,,
49e7ab19-d1be-4a15-90fd-e635d69dba50,BTCUSDT,BID,85572.08571429,0.00093488,80.00,2025-12-01T04:44:59.999000+00:00,3,1.50,PENDING,,,
7324f51e-9ab1-4645-8082-91b40a07fd8f,BTCUSDT,BID,85768.62857143,0.00116593,100.00,2025-12-01T04:44:59.999000+00:00,1,0.50,FILLED,2025-12-01T11:38:58.742614+00:00,85768.62857143,2025-12-01T04:54:59.999000+00:00
766af06b-b70c-426d-a05f-0d6f358bbf52,BTCUSDT,BID,85628.81785714,0.00116783,100.00,2025-12-01T04:54:59.999000+00:00,1,0.50,PENDING,,,
bf10796e-ef02-472b-be35-4f08428f1e6d,BTCUSDT,ASK,85854.56785714,0.00116476,100.00,2025-12-01T04:59:59.999000+00:00,1,0.50,PENDING,,,
445f3eca-67d0-4703-b58f-c16ff8a43460,BTCUSDT,ASK,85941.43571429,0.00104722,90.00,2025-12-01T04:59:59.999000+00:00,2,1.00,PENDING,,,
b3d9be4a-6537-4f20-bede-9ca0bfe68353,BTCUSDT,ASK,86028.30357143,0.00092993,80.00,2025-12-01T04:59:59.999000+00:00,3,1.50,PENDING,,,
bf10796e-ef02-472b-be35-4f08428f1e6d,BTCUSDT,ASK,85854.56785714,0.00116476,100.00,2025-12-01T04:59:59.999000+00:00,1,0.50,FILLED,2025-12-01T11:38:58.770853+00:00,85854.56785714,2025-12-01T05:04:59.999000+00:00
901fe697-4ed1-4092-a254-c712be8ac242,BTCUSDT,ASK,85895.98928571,0.00116420,100.00,2025-12-01T05:04:59.999000+00:00,1,0.50,PENDING,,,
901fe697-4ed1-4092-a254-c712be8ac242,BTCUSDT,ASK,85895.98928571,0.00116420,100.00,2025-12-01T05:04:59.999000+00:00,1,0.50,FILLED,2025-12-01T11:38:58.781843+00:00,85895.98928571,2025-12-01T05:14:59.999000+00:00
445f3eca-67d0-4703-b58f-c16ff8a43460,BTCUSDT,ASK,85941.43571429,0.00104722,90.00,2025-12-01T04:59:59.999000+00:00,2,1.00,FILLED,2025-12-01T11:38:58.787874+00:00,85941.43571429,2025-12-01T05:29:59.999000+00:00
3e3fe6ee-25f3-4f30-b075-11fb70f63e10,BTCUSDT,ASK,86145.74285714,0.00104474,90.00,2025-12-01T05:29:59.999000+00:00,2,1.00,PENDING,,,
99a1cd79-8230-4663-b743-0f00f4b3468f,BTCUSDT,BID,85760.55000000,0.00116604,100.00,2025-12-01T05:34:59.999000+00:00,1,0.50,PENDING,,,
cb943ffd-d199-4edf-8aa5-1c674ce0e86d,BTCUSDT,BID,85678.20000000,0.00105044,90.00,2025-12-01T05:34:59.999000+00:00,2,1.00,PENDING,,,
16ec0e17-f857-41a9-af9b-e61734bcf9cb,BTCUSDT,BID,85595.85000000,0.00093462,80.00,2025-12-01T05:34:59.999000+00:00,3,1.50,PENDING,,,
99a1cd79-8230-4663-b743-0f00f4b3468f,BTCUSDT,BID,85760.55000000,0.00116604,100.00,2025-12-01T05:34:59.999000+00:00,1,0.50,FILLED,2025-12-01T11:38:58.814606+00:00,85760.55000000,2025-12-01T05:39:59.999000+00:00
4e7677f4-bae5-4846-9c3b-e1d183831e95,BTCUSDT,BID,85544.58214286,0.00116898,100.00,2025-12-01T05:39:59.999000+00:00,1,0.50,PENDING,,,
cb943ffd-d199-4edf-8aa5-1c674ce0e86d,BTCUSDT,BID,85678.20000000,0.00105044,90.00,2025-12-01T05:34:59.999000+00:00,2,1.00,FILLED,2025-12-01T11:38:58.814627+00:00,85678.20000000,2025-12-01T05:39:59.999000+00:00
202106cf-3127-4168-af90-fb41faf8f49b,BTCUSDT,BID,85459.36428571,0.00105313,90.00,2025-12-01T05:39:59.999000+00:00,2,1.00,PENDING,,,
155d44e3-a7c1-4ba8-a827-504e3a3a3a58,BTCUSDT,ASK,85799.38928571,0.00116551,100.00,2025-12-01T05:44:59.999000+00:00,1,0.50,PENDING,,,
e97f41ca-c164-43a8-8790-ca0134b8e444,BTCUSDT,ASK,85882.07857143,0.00104795,90.00,2025-12-01T05:44:59.999000+00:00,2,1.00,PENDING,,,
7f2f2b1d-dffe-43de-8a03-f45f25fadb6c,BTCUSDT,ASK,85964.76785714,0.00093061,80.00,2025-12-01T05:44:59.999000+00:00,3,1.50,PENDING,,,
155d44e3-a7c1-4ba8-a827-504e3a3a3a58,BTCUSDT,ASK,85799.38928571,0.00116551,100.00,2025-12-01T05:44:59.999000+00:00,1,0.50,FILLED,2025-12-01T11:38:58.853664+00:00,85799.38928571,2025-12-01T05:49:59.999000+00:00
a0554653-4d1e-4d86-bb19-2f7dee1a9c0a,BTCUSDT,ASK,86019.03214286,0.00116253,100.00,2025-12-01T05:49:59.999000+00:00,1,0.50,PENDING,,,
e97f41ca-c164-43a8-8790-ca0134b8e444,BTCUSDT,ASK,85882.07857143,0.00104795,90.00,2025-12-01T05:44:59.999000+00:00,2,1.00,FILLED,2025-12-01T11:38:58.853684+00:00,85882.07857143,2025-12-01T05:49:59.999000+00:00
d99e7811-f0c4-4904-a8d2-661f316e7ff4,BTCUSDT,ASK,86104.46428571,0.00104524,90.00,2025-12-01T05:49:59.999000+00:00,2,1.00,PENDING,,,
c38195ff-d8bf-4d6c-b151-cdcd9e69ec03,BTCUSDT,BID,85815.53214286,0.00116529,100.00,2025-12-01T05:54:59.999000+00:00,1,0.50,PENDING,,,
738aee3a-e607-4359-bbb5-859aabf99e0d,BTCUSDT,BID,85730.96428571,0.00104980,90.00,2025-12-01T05:54:59.999000+00:00,2,1.00,PENDING,,,
86974cfe-dced-40e3-a728-d3864c5cd016,BTCUSDT,BID,85646.39642857,0.00093407,80.00,2025-12-01T05:54:59.999000+00:00,3,1.50,PENDING,,,
1117f5d7-d40b-4b3a-b8bd-0aae2b23565e,BTCUSDT,BID,86142.33214286,0.00116087,100.00,2025-12-01T06:14:59.999000+00:00,1,0.50,PENDING,,,
4db706c4-aeae-4ead-bd79-4a0298c79823,BTCUSDT,BID,86052.66428571,0.00104587,90.00,2025-12-01T06:14:59.999000+00:00,2,1.00,PENDING,,,
430e2dfc-72a2-45b8-a6b3-28f2d6977fbe,BTCUSDT,BID,85962.99642857,0.00093063,80.00,2025-12-01T06:14:59.999000+00:00,3,1.50,PENDING,,,
1117f5d7-d40b-4b3a-b8bd-0aae2b23565e,BTCUSDT,BID,86142.33214286,0.00116087,100.00,2025-12-01T06:14:59.999000+00:00,1,0.50,FILLED,2025-12-01T11:38:58.909692+00:00,86142.33214286,2025-12-01T06:14:59.999000+00:00
4db706c4-aeae-4ead-bd79-4a0298c79823,BTCUSDT,BID,86052.66428571,0.00104587,90.00,2025-12-01T06:14:59.999000+00:00,2,1.00,FILLED,2025-12-01T11:38:58.917159+00:00,86052.66428571,2025-12-01T06:19:59.999000+00:00
eba8c798-7928-4633-8e11-18a08cd2fdf5,BTCUSDT,BID,85842.85000000,0.00104843,90.00,2025-12-01T06:19:59.999000+00:00,2,1.00,PENDING,,,
6430b53f-3194-46b6-a205-d6eda2bf2d3f,BTCUSDT,ASK,86075.70714286,0.00116177,100.00,2025-12-01T06:24:59.999000+00:00,1,0.50,PENDING,,,
9d6bf59d-6018-4cb3-92b7-93d9899721c6,BTCUSDT,ASK,86159.61428571,0.00104457,90.00,2025-12-01T06:24:59.999000+00:00,2,1.00,PENDING,,,
88fc35d4-4374-4c35-8894-acd81d2e259f,BTCUSDT,ASK,86243.52142857,0.00092761,80.00,2025-12-01T06:24:59.999000+00:00,3,1.50,PENDING,,,
6430b53f-3194-46b6-a205-d6eda2bf2d3f,BTCUSDT,ASK,86075.70714286,0.00116177,100.00,2025-12-01T06:24:59.999000+00:00,1,0.50,FILLED,2025-12-01T11:38:58.947377+00:00,86075.70714286,2025-12-01T06:39:59.999000+00:00
6585c34f-21c6-462c-b75a-29616323856f,BTCUSDT,ASK,86271.42142857,0.00115913,100.00,2025-12-01T06:39:59.999000+00:00,1,0.50,PENDING,,,
9d6bf59d-6018-4cb3-92b7-93d9899721c6,BTCUSDT,ASK,86159.61428571,0.00104457,90.00,2025-12-01T06:24:59.999000+00:00,2,1.00,FILLED,2025-12-01T11:38:58.947400+00:00,86159.61428571,2025-12-01T06:39:59.999000+00:00
c45a7ff5-1674-4407-8a80-6064fa227ce4,BTCUSDT,ASK,86352.84285714,0.00104224,90.00,2025-12-01T06:39:59.999000+00:00,2,1.00,PENDING,,,
87a89530-3eeb-4246-8644-308e1ced4a55,BTCUSDT,BID,86163.83571429,0.00116058,100.00,2025-12-01T06:44:59.999000+00:00,1,0.50,PENDING,,,
0095a5b5-ecca-4e1e-a0fa-a504363ef9a7,BTCUSDT,BID,86084.47142857,0.00104548,90.00,2025-12-01T06:44:59.999000+00:00,2,1.00,PENDING,,,
d1ed1b04-95b8-4cb2-b8f4-ed55840109ce,BTCUSDT,BID,86005.10714286,0.00093018,80.00,2025-12-01T06:44:59.999000+00:00,3,1.50,PENDING,,,
87a89530-3eeb-4246-8644-308e1ced4a55,BTCUSDT,BID,86163.83571429,0.00116058,100.00,2025-12-01T06:44:59.999000+00:00,1,0.50,FILLED,2025-12-01T11:38:58.987721+00:00,86163.83571429,2025-12-01T06:44:59.999000+00:00
0095a5b5-ecca-4e1e-a0fa-a504363ef9a7,BTCUSDT,BID,86084.47142857,0.00104548,90.00,2025-12-01T06:44:59.999000+00:00,2,1.00,FILLED,2025-12-01T11:38:58.995420+00:00,86084.47142857,2025-12-01T06:54:59.999000+00:00
1e7b5e56-9bc0-449f-9634-2d1219ceb951,BTCUSDT,BID,85998.90000000,0.00104653,90.00,2025-12-01T06:54:59.999000+00:00,2,1.00,PENDING,,,
56facee9-d281-4c2d-9418-c62b6b17490c,BTCUSDT,ASK,86154.65000000,0.00116070,100.00,2025-12-01T07:09:59.999000+00:00,1,0.50,PENDING,,,
6abcdcd4-ad22-4d62-bf54-e159366da92d,BTCUSDT,ASK,86230.10000000,0.00104372,90.00,2025-12-01T07:09:59.999000+00:00,2,1.00,PENDING,,,
4cbbe5ec-c9a0-4d16-91f3-2990564950b2,BTCUSDT,ASK,86305.55000000,0.00092694,80.00,2025-12-01T07:09:59.999000+00:00,3,1.50,PENDING,,,
56facee9-d281-4c2d-9418-c62b6b17490c,BTCUSDT,ASK,86154.65000000,0.00116070,100.00,2025-12-01T07:09:59.999000+00:00,1,0.50,FILLED,2025-12-01T11:38:59.022159+00:00,86154.65000000,2025-12-01T07:09:59.999000+00:00
6abcdcd4-ad22-4d62-bf54-e159366da92d,BTCUSDT,ASK,86230.10000000,0.00104372,90.00,2025-12-01T07:09:59.999000+00:00,2,1.00,FILLED,2025-12-01T11:38:59.029686+00:00,86230.10000000,2025-12-01T07:29:59.999000+00:00
512723d1-75b2-4417-91d0-18c2e6fe13f2,BTCUSDT,ASK,86332.25714286,0.00104248,90.00,2025-12-01T07:29:59.999000+00:00,2,1.00,PENDING,,,
b46d6c25-3ea8-4f70-b44c-09137030fc58,BTCUSDT,BID,86267.93928571,0.00115918,100.00,2025-12-01T07:39:59.999000+00:00,1,0.50,PENDING,,,
3f061cc2-ccbb-478b-9805-9b78207d3e94,BTCUSDT,BID,86198.97857143,0.00104410,90.00,2025-12-01T07:39:59.999000+00:00,2,1.00,PENDING,,,
6901d34e-a106-4d74-bf33-663b26c01c48,BTCUSDT,BID,86130.01785714,0.00092883,80.00,2025-12-01T07:39:59.999000+00:00,3,1.50,PENDING,,,
b46d6c25-3ea8-4f70-b44c-09137030fc58,BTCUSDT,BID,86267.93928571,0.00115918,100.00,2025-12-01T07:39:59.999000+00:00,1,0.50,FILLED,2025-12-01T11:38:59.056636+00:00,86267.93928571,2025-12-01T07:39:59.999000+00:00
5e63cf3e-acd2-4d51-b0aa-5769fe89f428,BTCUSDT,BID,86420.19285714,0.00115714,100.00,2025-12-01T07:59:59.999000+00:00,1,0.50,PENDING,,,
58b0a910-b9db-4d2d-a6e1-53a9d8e647a5,BTCUSDT,BID,86352.78571429,0.00104224,90.00,2025-12-01T07:59:59.999000+00:00,2,1.00,PENDING,,,
2254c660-37fa-47ee-83b4-609029fd31f2,BTCUSDT,BID,86285.37857143,0.00092716,80.00,2025-12-01T07:59:59.999000+00:00,3,1.50,PENDING,,,
5e63cf3e-acd2-4d51-b0aa-5769fe89f428,BTCUSDT,BID,86420.19285714,0.00115714,100.00,2025-12-01T07:59:59.999000+00:00,1,0.50,FILLED,2025-12-01T11:38:59.080439+00:00,86420.19285714,2025-12-01T08:04:59.999000+00:00
72b7f43d-d7ec-4d24-af2c-90119676ef30,BTCUSDT,BID,86282.17857143,0.00115899,100.00,2025-12-01T08:04:59.999000+00:00,1,0.50,PENDING,,,
58b0a910-b9db-4d2d-a6e1-53a9d8e647a5,BTCUSDT,BID,86352.78571429,0.00104224,90.00,2025-12-01T07:59:59.999000+00:00,2,1.00,FILLED,2025-12-01T11:38:59.080459+00:00,86352.78571429,2025-12-01T08:04:59.999000+00:00
444446b9-75e7-4fb5-a71a-e7d24beab054,BTCUSDT,BID,86214.95714286,0.00104390,90.00,2025-12-01T08:04:59.999000+00:00,2,1.00,PENDING,,,
47721c3c-2432-4af0-be28-72a5def5ffa7,BTCUSDT,BID,86577.78928571,0.00115503,100.00,2025-12-01T08:39:59.999000+00:00,1,0.50,PENDING,,,
56a547fa-aabf-4b38-9fa1-ef539adfc2db,BTCUSDT,BID,86498.57857143,0.00104048,90.00,2025-12-01T08:39:59.999000+00:00,2,1.00,PENDING,,,
9362725d-ec24-49b3-933c-2af3b305162e,BTCUSDT,BID,86419.36785714,0.00092572,80.00,2025-12-01T08:39:59.999000+00:00,3,1.50,PENDING,,,
47721c3c-2432-4af0-be28-72a5def5ffa7,BTCUSDT,BID,86577.78928571,0.00115503,100.00,2025-12-01T08:39:59.999000+00:00,1,0.50,FILLED,2025-12-01T11:38:59.119492+00:00,86577.78928571,2025-12-01T08:39:59.999000+00:00
6e19f119-7329-45d5-aeb8-0e675df4f7ab,BTCUSDT,BID,86671.50357143,0.00115378,100.00,2025-12-01T08:54:59.999000+00:00,1,0.50,PENDING,,,
6a0931fc-9ff6-4ec3-ad09-b00b80bd3986,BTCUSDT,BID,86600.40714286,0.00103926,90.00,2025-12-01T08:54:59.999000+00:00,2,1.00,PENDING,,,
39da1656-c9ed-41c4-9ca7-7174a8abc4df,BTCUSDT,BID,86529.31071429,0.00092454,80.00,2025-12-01T08:54:59.999000+00:00,3,1.50,PENDING,,,
6e19f119-7329-45d5-aeb8-0e675df4f7ab,BTCUSDT,BID,86671.50357143,0.00115378,100.00,2025-12-01T08:54:59.999000+00:00,1,0.50,FILLED,2025-12-01T11:38:59.142291+00:00,86671.50357143,2025-12-01T09:09:59.999000+00:00
a6aea2e8-570c-4c98-80ef-0b225228f8d0,BTCUSDT,BID,86612.61428571,0.00115457,100.00,2025-12-01T09:09:59.999000+00:00,1,0.50,PENDING,,,
f69773eb-0f73-4705-b813-283a83db6fb7,BTCUSDT,ASK,86673.98571429,0.00115375,100.00,2025-12-01T09:14:59.999000+00:00,1,0.50,PENDING,,,
986031c5-241e-4bcb-b963-02828ff4d962,BTCUSDT,ASK,86747.97142857,0.00103749,90.00,2025-12-01T09:14:59.999000+00:00,2,1.00,PENDING,,,
5e0ef269-e83c-43cf-adbf-12a6d33d7df7,BTCUSDT,ASK,86821.95714286,0.00092143,80.00,2025-12-01T09:14:59.999000+00:00,3,1.50,PENDING,,,
f69773eb-0f73-4705-b813-283a83db6fb7,BTCUSDT,ASK,86673.98571429,0.00115375,100.00,2025-12-01T09:14:59.999000+00:00,1,0.50,FILLED,2025-12-01T11:38:59.169854+00:00,86673.98571429,2025-12-01T09:14:59.999000+00:00
f119d03a-6ae9-4ea6-b4c0-2d47a8972f57,BTCUSDT,ASK,86692.13214286,0.00115351,100.00,2025-12-01T09:34:59.999000+00:00,1,0.50,PENDING,,,
7f5733d8-dcbf-4d2a-93aa-9fb97bebcada,BTCUSDT,ASK,86759.26428571,0.00103735,90.00,2025-12-01T09:34:59.999000+00:00,2,1.00,PENDING,,,
d1259b37-144d-4dec-87b6-adb833537bb6,BTCUSDT,ASK,86826.39642857,0.00092138,80.00,2025-12-01T09:34:59.999000+00:00,3,1.50,PENDING,,,
f119d03a-6ae9-4ea6-b4c0-2d47a8972f57,BTCUSDT,ASK,86692.13214286,0.00115351,100.00,2025-12-01T09:34:59.999000+00:00,1,0.50,FILLED,2025-12-01T11:38:59.196218+00:00,86692.13214286,2025-12-01T09:39:59.999000+00:00
0da02466-0280-4a24-9ef9-e3f7a8c7d5d5,BTCUSDT,ASK,86698.50357143,0.00115342,100.00,2025-12-01T09:39:59.999000+00:00,1,0.50,PENDING,,,
7f5733d8-dcbf-4d2a-93aa-9fb97bebcada,BTCUSDT,ASK,86759.26428571,0.00103735,90.00,2025-12-01T09:34:59.999000+00:00,2,1.00,FILLED,2025-12-01T11:38:59.210331+00:00,86759.26428571,2025-12-01T09:44:59.999000+00:00
da6b76b3-8047-4384-8af4-2698f7386ce7,BTCUSDT,ASK,86927.11428571,0.00103535,90.00,2025-12-01T09:44:59.999000+00:00,2,1.00,PENDING,,,
0da02466-0280-4a24-9ef9-e3f7a8c7d5d5,BTCUSDT,ASK,86698.50357143,0.00115342,100.00,2025-12-01T09:39:59.999000+00:00,1,0.50,FILLED,2025-12-01T11:38:59.210355+00:00,86698.50357143,2025-12-01T09:44:59.999000+00:00
24c8f734-97c3-4bf4-aa14-b0714cecd0b5,BTCUSDT,ASK,86861.25714286,0.00115126,100.00,2025-12-01T09:44:59.999000+00:00,1,0.50,PENDING,,,
b7f7319f-cf72-41e7-bada-98e2fa7c2dce,BTCUSDT,BID,86589.53571429,0.00115487,100.00,2025-12-01T09:49:59.999000+00:00,1,0.50,PENDING,,,
6bdf0bc4-871e-40a6-a573-6fe62df787aa,BTCUSDT,BID,86522.87142857,0.00104019,90.00,2025-12-01T09:49:59.999000+00:00,2,1.00,PENDING,,,
1ed93811-9e03-482f-8489-c4a185579138,BTCUSDT,BID,86456.20714286,0.00092532,80.00,2025-12-01T09:49:59.999000+00:00,3,1.50,PENDING,,,
600ec7d1-5ab9-4495-bed9-a2bad9c492a8,BTCUSDT,ASK,86696.30357143,0.00115345,100.00,2025-12-01T10:19:59.999000+00:00,1,0.50,PENDING,,,
77f5ef2f-99ec-4fe1-b76e-f0de824d5f80,BTCUSDT,ASK,86756.30714286,0.00103739,90.00,2025-12-01T10:19:59.999000+00:00,2,1.00,PENDING,,,
a5868ff1-f497-416e-8508-7a8d751b877c,BTCUSDT,ASK,86816.31071429,0.00092149,80.00,2025-12-01T10:19:59.999000+00:00,3,1.50,PENDING,,,
96edf2c7-dd43-429c-84bc-36c97a56b3ef,BTCUSDT,ASK,86493.74285714,0.00115615,100.00,2025-12-01T11:09:59.999000+00:00,1,0.50,PENDING,,,
f11c9f03-b47b-49d4-9758-e20c5bed8cf0,BTCUSDT,ASK,86537.18571429,0.00104002,90.00,2025-12-01T11:09:59.999000+00:00,2,1.00,PENDING,,,
c7c6e591-39d8-40e1-8657-32f468ed64de,BTCUSDT,ASK,86580.62857143,0.00092399,80.00,2025-12-01T11:09:59.999000+00:00,3,1.50,PENDING,,,
96edf2c7-dd43-429c-84bc-36c97a56b3ef,BTCUSDT,ASK,86493.74285714,0.00115615,100.00,2025-12-01T11:09:59.999000+00:00,1,0.50,FILLED,2025-12-01T11:38:59.286055+00:00,86493.74285714,2025-12-01T11:09:59.999000+00:00
973e1f21-306a-4d8a-acb8-5af4ae20d96e,BTCUSDT,ASK,86394.15357143,0.00115749,100.00,2025-12-01T11:34:59.999000+00:00,1,0.50,PENDING,,,
1a9e7c9d-1272-465d-af8e-ad91879a170d,BTCUSDT,ASK,86438.30714286,0.00104121,90.00,2025-12-01T11:34:59.999000+00:00,2,1.00,PENDING,,,
197fcef0-5d00-4745-a2f1-a9fd10921a52,BTCUSDT,ASK,86482.46071429,0.00092504,80.00,2025-12-01T11:34:59.999000+00:00,3,1.50,PENDING,,,
973e1f21-306a-4d8a-acb8-5af4ae20d96e,BTCUSDT,ASK,86394.15357143,0.00115749,100.00,2025-12-01T11:34:59.999000+00:00,1,0.50,FILLED,2025-12-01T11:38:59.308925+00:00,86394.15357143,2025-12-01T11:34:59.999000+00:00
e1f218a4-5ddc-4439-9344-0d302d8c6d56,BTCUSDT,ASK,91365.91250000,0.00109450,100.00,2025-11-30T19:24:59.999000+00:00,1,0.50,PENDING,,,
d48a8615-f70e-43e9-b941-77768479666c,BTCUSDT,ASK,91399.82500000,0.00098468,90.00,2025-11-30T19:24:59.999000+00:00,2,1.00,PENDING,,,
7ad6048c-e073-4ee2-bc0a-b3532fd75d58,BTCUSDT,ASK,91433.73750000,0.00087495,80.00,2025-11-30T19:24:59.999000+00:00,3,1.50,PENDING,,,
e1f218a4-5ddc-4439-9344-0d302d8c6d56,BTCUSDT,ASK,91365.91250000,0.00109450,100.00,2025-11-30T19:24:59.999000+00:00,1,0.50,FILLED,2025-12-01T11:39:39.628784+00:00,91365.91250000,2025-11-30T19:39:59.999000+00:00
89b957be-0018-4236-8894-30fd447101fc,BTCUSDT,ASK,91466.00000000,0.00109330,100.00,2025-11-30T19:39:59.999000+00:00,1,0.50,PENDING,,,
d48a8615-f70e-43e9-b941-77768479666c,BTCUSDT,ASK,91399.82500000,0.00098468,90.00,2025-11-30T19:24:59.999000+00:00,2,1.00,FILLED,2025-12-01T11:39:39.628821+00:00,91399.82500000,2025-11-30T19:39:59.999000+00:00
7abcd141-e68d-40a5-bf78-6984c2395993,BTCUSDT,ASK,91507.00000000,0.00098353,90.00,2025-11-30T19:39:59.999000+00:00,2,1.00,PENDING,,,
7ad6048c-e073-4ee2-bc0a-b3532fd75d58,BTCUSDT,ASK,91433.73750000,0.00087495,80.00,2025-11-30T19:24:59.999000+00:00,3,1.50,FILLED,2025-12-01T11:39:39.628847+00:00,91433.73750000,2025-11-30T19:39:59.999000+00:00
03f2e3d4-64f1-4c15-a9ba-8dc2f82e4089,BTCUSDT,ASK,91548.00000000,0.00087386,80.00,2025-11-30T19:39:59.999000+00:00,3,1.50,PENDING,,,
48f54154-5131-455d-8f56-2d5ecd6fb1dc,BTCUSDT,BID,91371.12500000,0.00109444,100.00,2025-11-30T19:44:59.999000+00:00,1,0.50,PENDING,,,
1b4d072d-d7e8-48ef-9bbc-61f6479bc104,BTCUSDT,BID,91333.35000000,0.00098540,90.00,2025-11-30T19:44:59.999000+00:00,2,1.00,PENDING,,,
452e12d4-3898-40d2-8de0-64cfc89f6635,BTCUSDT,BID,91295.57500000,0.00087627,80.00,2025-11-30T19:44:59.999000+00:00,3,1.50,PENDING,,,
d51e11ab-f5b5-46db-885a-a6456e078560,BTCUSDT,BID,91503.54615385,0.00109285,100.00,2025-11-30T20:09:59.999000+00:00,1,0.50,PENDING,,,
d73b841f-277a-4825-b69a-aae9c79b67e5,BTCUSDT,BID,91468.49230769,0.00098395,90.00,2025-11-30T20:09:59.999000+00:00,2,1.00,PENDING,,,
ddfbe61c-7f47-44f2-9f8a-3ca6dff7b73c,BTCUSDT,BID,91433.43846154,0.00087495,80.00,2025-11-30T20:09:59.999000+00:00,3,1.50,PENDING,,,
d51e11ab-f5b5-46db-885a-a6456e078560,BTCUSDT,BID,91503.54615385,0.00109285,100.00,2025-11-30T20:09:59.999000+00:00,1,0.50,FILLED,2025-12-01T11:39:39.708270+00:00,91503.54615385,2025-11-30T20:09:59.999000+00:00
d73b841f-277a-4825-b69a-aae9c79b67e5,BTCUSDT,BID,91468.49230769,0.00098395,90.00,2025-11-30T20:09:59.999000+00:00,2,1.00,FILLED,2025-12-01T11:39:39.708294+00:00,91468.49230769,2025-11-30T20:09:59.999000+00:00
ddfbe61c-7f47-44f2-9f8a-3ca6dff7b73c,BTCUSDT,BID,91433.43846154,0.00087495,80.00,2025-11-30T20:09:59.999000+00:00,3,1.50,FILLED,2025-12-01T11:39:39.721273+00:00,91433.43846154,2025-11-30T20:19:59.999000+00:00
586c2a4c-0de0-43e6-917a-414296c29060,BTCUSDT,BID,91338.09285714,0.00087587,80.00,2025-11-30T20:19:59.999000+00:00,3,1.50,PENDING,,,
6b4a0f51-168e-4538-a3e7-0e2ecd1e5882,BTCUSDT,ASK,91396.38571429,0.00109414,100.00,2025-11-30T20:24:59.999000+00:00,1,0.50,PENDING,,,
1f9b945a-a711-4bfc-8309-62758de208ee,BTCUSDT,ASK,91435.77142857,0.00098430,90.00,2025-11-30T20:24:59.999000+00:00,2,1.00,PENDING,,,
8beb43ac-5a2c-4196-8a07-0ec082de49e6,BTCUSDT,ASK,91475.15714286,0.00087455,80.00,2025-11-30T20:24:59.999000+00:00,3,1.50,PENDING,,,
6b4a0f51-168e-4538-a3e7-0e2ecd1e5882,BTCUSDT,ASK,91396.38571429,0.00109414,100.00,2025-11-30T20:24:59.999000+00:00,1,0.50,FILLED,2025-12-01T11:39:39.746257+00:00,91396.38571429,2025-11-30T20:24:59.999000+00:00
1f9b945a-a711-4bfc-8309-62758de208ee,BTCUSDT,ASK,91435.77142857,0.00098430,90.00,2025-11-30T20:24:59.999000+00:00,2,1.00,FILLED,2025-12-01T11:39:39.746291+00:00,91435.77142857,2025-11-30T20:24:59.999000+00:00
b34800da-b8de-4620-8d59-7748b21c179d,BTCUSDT,ASK,91215.04285714,0.00109631,100.00,2025-11-30T20:34:59.999000+00:00,1,0.50,PENDING,,,
77c4645c-22ed-41b5-9924-3530b6fba0aa,BTCUSDT,ASK,91256.38571429,0.00098623,90.00,2025-11-30T20:34:59.999000+00:00,2,1.00,PENDING,,,
efd2ddc0-65b2-4d9e-90c2-5bb798b1174d,BTCUSDT,ASK,91297.72857143,0.00087625,80.00,2025-11-30T20:34:59.999000+00:00,3,1.50,PENDING,,,
b34800da-b8de-4620-8d59-7748b21c179d,BTCUSDT,ASK,91215.04285714,0.00109631,100.00,2025-11-30T20:34:59.999000+00:00,1,0.50,FILLED,2025-12-01T11:39:39.773134+00:00,91215.04285714,2025-11-30T20:34:59.999000+00:00
77c4645c-22ed-41b5-9924-3530b6fba0aa,BTCUSDT,ASK,91256.38571429,0.00098623,90.00,2025-11-30T20:34:59.999000+00:00,2,1.00,FILLED,2025-12-01T11:39:39.773164+00:00,91256.38571429,2025-11-30T20:34:59.999000+00:00
efd2ddc0-65b2-4d9e-90c2-5bb798b1174d,BTCUSDT,ASK,91297.72857143,0.00087625,80.00,2025-11-30T20:34:59.999000+00:00,3,1.50,FILLED,2025-12-01T11:39:39.773188+00:00,91297.72857143,2025-11-30T20:34:59.999000+00:00
0334b41a-da1b-4bac-b058-1b31c77d8384,BTCUSDT,BID,91243.28214286,0.00109597,100.00,2025-11-30T20:49:59.999000+00:00,1,0.50,PENDING,,,
095c73c6-27cf-4731-a501-150677d0f1f5,BTCUSDT,BID,91203.06428571,0.00098681,90.00,2025-11-30T20:49:59.999000+00:00,2,1.00,PENDING,,,
ea66ddf8-55f1-43b4-9365-8e6c06f10272,BTCUSDT,BID,91162.84642857,0.00087755,80.00,2025-11-30T20:49:59.999000+00:00,3,1.50,PENDING,,,
0334b41a-da1b-4bac-b058-1b31c77d8384,BTCUSDT,BID,91243.28214286,0.00109597,100.00,2025-11-30T20:49:59.999000+00:00,1,0.50,FILLED,2025-12-01T11:39:39.807522+00:00,91243.28214286,2025-11-30T20:49:59.999000+00:00
b7ecbafa-6f10-4444-b55e-c7aed08b3e21,BTCUSDT,ASK,91183.82857143,0.00109669,100.00,2025-11-30T21:14:59.999000+00:00,1,0.50,PENDING,,,
2c1c0263-e989-45dd-b612-2a6f5e183723,BTCUSDT,ASK,91237.85714286,0.00098643,90.00,2025-11-30T21:14:59.999000+00:00,2,1.00,PENDING,,,
f9712f1f-c8c0-470e-961a-7c0b4eddc108,BTCUSDT,ASK,91291.88571429,0.00087631,80.00,2025-11-30T21:14:59.999000+00:00,3,1.50,PENDING,,,
b7ecbafa-6f10-4444-b55e-c7aed08b3e21,BTCUSDT,ASK,91183.82857143,0.00109669,100.00,2025-11-30T21:14:59.999000+00:00,1,0.50,FILLED,2025-12-01T11:39:39.830386+00:00,91183.82857143,2025-11-30T21:14:59.999000+00:00
88ab47df-7f87-4932-8a08-1a5df28f8c67,BTCUSDT,BID,90998.10357143,0.00109892,100.00,2025-11-30T21:39:59.999000+00:00,1,0.50,PENDING,,,
05fb7ce3-12f1-4c29-a96b-5fcb77d9ee86,BTCUSDT,BID,90935.20714286,0.00098972,90.00,2025-11-30T21:39:59.999000+00:00,2,1.00,PENDING,,,
dc40f657-930b-44cb-b79a-d2eeba35e4c1,BTCUSDT,BID,90872.31071429,0.00088036,80.00,2025-11-30T21:39:59.999000+00:00,3,1.50,PENDING,,,
487df32c-5c6f-444f-b42b-17ad9ad83af7,BTCUSDT,BID,91081.11428571,0.00109792,100.00,2025-11-30T21:59:59.999000+00:00,1,0.50,PENDING,,,
f2b91b0e-91fa-4499-a9d3-49d79b9d4442,BTCUSDT,BID,91023.12857143,0.00098876,90.00,2025-11-30T21:59:59.999000+00:00,2,1.00,PENDING,,,
348487db-274a-4069-9454-a75ec1c2ef91,BTCUSDT,BID,90965.14285714,0.00087946,80.00,2025-11-30T21:59:59.999000+00:00,3,1.50,PENDING,,,
5ad89b1d-d3fc-48af-9a21-3f75a6658348,BTCUSDT,BID,91188.52857143,0.00109663,100.00,2025-11-30T22:09:59.999000+00:00,1,0.50,PENDING,,,
9115ca8a-4201-44a6-b989-9c5790ad7fea,BTCUSDT,BID,91128.25714286,0.00098762,90.00,2025-11-30T22:09:59.999000+00:00,2,1.00,PENDING,,,
a3be16b6-a6f3-4751-988c-415d951b9a07,BTCUSDT,BID,91067.98571429,0.00087846,80.00,2025-11-30T22:09:59.999000+00:00,3,1.50,PENDING,,,
5ad89b1d-d3fc-48af-9a21-3f75a6658348,BTCUSDT,BID,91188.52857143,0.00109663,100.00,2025-11-30T22:09:59.999000+00:00,1,0.50,FILLED,2025-12-01T11:39:39.887509+00:00,91188.52857143,2025-11-30T22:24:59.999000+00:00
da139c9d-e38b-4219-8d58-5f2e99e7dc2c,BTCUSDT,BID,91127.14642857,0.00109737,100.00,2025-11-30T22:24:59.999000+00:00,1,0.50,PENDING,,,
77f5dcda-979a-46ad-b244-47150f6c88dc,BTCUSDT,ASK,91091.48928571,0.00109780,100.00,2025-11-30T22:34:59.999000+00:00,1,0.50,PENDING,,,
5bb495c7-c718-45b5-a3d7-f41e9d378d86,BTCUSDT,ASK,91136.27857143,0.00098753,90.00,2025-11-30T22:34:59.999000+00:00,2,1.00,PENDING,,,
c469500e-ce40-42be-a23b-a573fd13dab1,BTCUSDT,ASK,91181.06785714,0.00087738,80.00,2025-11-30T22:34:59.999000+00:00,3,1.50,PENDING,,,
77f5dcda-979a-46ad-b244-47150f6c88dc,BTCUSDT,ASK,91091.48928571,0.00109780,100.00,2025-11-30T22:34:59.999000+00:00,1,0.50,FILLED,2025-12-01T11:39:39.917936+00:00,91091.48928571,2025-11-30T22:34:59.999000+00:00
5bb495c7-c718-45b5-a3d7-f41e9d378d86,BTCUSDT,ASK,91136.27857143,0.00098753,90.00,2025-11-30T22:34:59.999000+00:00,2,1.00,FILLED,2025-12-01T11:39:39.917972+00:00,91136.27857143,2025-11-30T22:34:59.999000+00:00
c469500e-ce40-42be-a23b-a573fd13dab1,BTCUSDT,ASK,91181.06785714,0.00087738,80.00,2025-11-30T22:34:59.999000+00:00,3,1.50,FILLED,2025-12-01T11:39:39.917990+00:00,91181.06785714,2025-11-30T22:34:59.999000+00:00
3a8faa17-964a-4d36-aa87-d84954560e9d,BTCUSDT,BID,91132.90714286,0.00109730,100.00,2025-11-30T22:59:59.999000+00:00,1,0.50,PENDING,,,
0fa4873f-21e5-48b8-99bf-448507d5a164,BTCUSDT,BID,91086.91428571,0.00098807,90.00,2025-11-30T22:59:59.999000+00:00,2,1.00,PENDING,,,
ea21c71f-46d9-4f05-8e79-a092aa4942bc,BTCUSDT,BID,91040.92142857,0.00087873,80.00,2025-11-30T22:59:59.999000+00:00,3,1.50,PENDING,,,
3a8faa17-964a-4d36-aa87-d84954560e9d,BTCUSDT,BID,91132.90714286,0.00109730,100.00,2025-11-30T22:59:59.999000+00:00,1,0.50,FILLED,2025-12-01T11:39:39.962761+00:00,91132.90714286,2025-11-30T22:59:59.999000+00:00
0fa4873f-21e5-48b8-99bf-448507d5a164,BTCUSDT,BID,91086.91428571,0.00098807,90.00,2025-11-30T22:59:59.999000+00:00,2,1.00,FILLED,2025-12-01T11:39:39.969414+00:00,91086.91428571,2025-11-30T23:04:59.999000+00:00
48a8cca5-2c42-414f-8410-32dcadeacff0,BTCUSDT,BID,90901.17142857,0.00099009,90.00,2025-11-30T23:04:59.999000+00:00,2,1.00,PENDING,,,
ea21c71f-46d9-4f05-8e79-a092aa4942bc,BTCUSDT,BID,91040.92142857,0.00087873,80.00,2025-11-30T22:59:59.999000+00:00,3,1.50,FILLED,2025-12-01T11:39:39.969441+00:00,91040.92142857,2025-11-30T23:04:59.999000+00:00
90843373-019d-4e0a-8281-8b9d426af257,BTCUSDT,BID,90850.05714286,0.00088057,80.00,2025-11-30T23:04:59.999000+00:00,3,1.50,PENDING,,,
131076d2-83df-45a0-8b55-b9271a1c61a5,BTCUSDT,ASK,90920.35000000,0.00109986,100.00,2025-11-30T23:09:59.999000+00:00,1,0.50,PENDING,,,
ba120ec3-2cb5-4658-a491-e8d08bcefc67,BTCUSDT,ASK,90977.40000000,0.00098926,90.00,2025-11-30T23:09:59.999000+00:00,2,1.00,PENDING,,,
d7e54e41-bc6b-4136-a114-f9d73556fd55,BTCUSDT,ASK,91034.45000000,0.00087879,80.00,2025-11-30T23:09:59.999000+00:00,3,1.50,PENDING,,,
131076d2-83df-45a0-8b55-b9271a1c61a5,BTCUSDT,ASK,90920.35000000,0.00109986,100.00,2025-11-30T23:09:59.999000+00:00,1,0.50,FILLED,2025-12-01T11:39:40.007488+00:00,90920.35000000,2025-11-30T23:09:59.999000+00:00
ba120ec3-2cb5-4658-a491-e8d08bcefc67,BTCUSDT,ASK,90977.40000000,0.00098926,90.00,2025-11-30T23:09:59.999000+00:00,2,1.00,FILLED,2025-12-01T11:39:40.007518+00:00,90977.40000000,2025-11-30T23:09:59.999000+00:00
e98a8e32-19b4-459e-8248-8615edec8c73,BTCUSDT,ASK,90682.60000000,0.00110275,100.00,2025-11-30T23:29:59.999000+00:00,1,0.50,PENDING,,,
2307c151-3017-4802-b45e-9948e54ff0dc,BTCUSDT,ASK,90749.60000000,0.00099174,90.00,2025-11-30T23:29:59.999000+00:00,2,1.00,PENDING,,,
4ab8f43c-b3ea-4690-ad0d-a1918d7fe721,BTCUSDT,ASK,90816.60000000,0.00088090,80.00,2025-11-30T23:29:59.999000+00:00,3,1.50,PENDING,,,
e98a8e32-19b4-459e-8248-8615edec8c73,BTCUSDT,ASK,90682.60000000,0.00110275,100.00,2025-11-30T23:29:59.999000+00:00,1,0.50,FILLED,2025-12-01T11:39:40.036670+00:00,90682.60000000,2025-11-30T23:29:59.999000+00:00
2307c151-3017-4802-b45e-9948e54ff0dc,BTCUSDT,ASK,90749.60000000,0.00099174,90.00,2025-11-30T23:29:59.999000+00:00,2,1.00,FILLED,2025-12-01T11:39:40.036702+00:00,90749.60000000,2025-11-30T23:29:59.999000+00:00
4ab8f43c-b3ea-4690-ad0d-a1918d7fe721,BTCUSDT,ASK,90816.60000000,0.00088090,80.00,2025-11-30T23:29:59.999000+00:00,3,1.50,FILLED,2025-12-01T11:39:40.036727+00:00,90816.60000000,2025-11-30T23:29:59.999000+00:00
80890c2d-b214-423f-b6a9-91ff14f4cb33,BTCUSDT,ASK,90432.47500000,0.00110580,100.00,2025-11-30T23:54:59.999000+00:00,1,0.50,PENDING,,,
07313329-62df-40c6-a54b-8d129ff4f55b,BTCUSDT,ASK,90511.45000000,0.00099435,90.00,2025-11-30T23:54:59.999000+00:00,2,1.00,PENDING,,,
860d64a1-9128-4a04-949e-63d76cc36086,BTCUSDT,ASK,90590.42500000,0.00088310,80.00,2025-11-30T23:54:59.999000+00:00,3,1.50,PENDING,,,
80890c2d-b214-423f-b6a9-91ff14f4cb33,BTCUSDT,ASK,90432.47500000,0.00110580,100.00,2025-11-30T23:54:59.999000+00:00,1,0.50,FILLED,2025-12-01T11:39:40.070838+00:00,90432.47500000,2025-11-30T23:54:59.999000+00:00
07313329-62df-40c6-a54b-8d129ff4f55b,BTCUSDT,ASK,90511.45000000,0.00099435,90.00,2025-11-30T23:54:59.999000+00:00,2,1.00,FILLED,2025-12-01T11:39:40.070870+00:00,90511.45000000,2025-11-30T23:54:59.999000+00:00
d63b435a-d102-44eb-9e64-687b1bec2063,BTCUSDT,ASK,89246.02142857,0.00112050,100.00,2025-12-01T00:09:59.999000+00:00,1,0.50,PENDING,,,
f40208c3-0b34-409a-a4ef-9cc404d68ea7,BTCUSDT,ASK,89391.04285714,0.00100681,90.00,2025-12-01T00:09:59.999000+00:00,2,1.00,PENDING,,,
f35e80f5-6d3e-4a6b-b45a-44c2c3500f3c,BTCUSDT,ASK,89536.06428571,0.00089349,80.00,2025-12-01T00:09:59.999000+00:00,3,1.50,PENDING,,,
d63b435a-d102-44eb-9e64-687b1bec2063,BTCUSDT,ASK,89246.02142857,0.00112050,100.00,2025-12-01T00:09:59.999000+00:00,1,0.50,FILLED,2025-12-01T11:39:40.099051+00:00,89246.02142857,2025-12-01T00:09:59.999000+00:00
f40208c3-0b34-409a-a4ef-9cc404d68ea7,BTCUSDT,ASK,89391.04285714,0.00100681,90.00,2025-12-01T00:09:59.999000+00:00,2,1.00,FILLED,2025-12-01T11:39:40.099075+00:00,89391.04285714,2025-12-01T00:09:59.999000+00:00
f35e80f5-6d3e-4a6b-b45a-44c2c3500f3c,BTCUSDT,ASK,89536.06428571,0.00089349,80.00,2025-12-01T00:09:59.999000+00:00,3,1.50,FILLED,2025-12-01T11:39:40.099088+00:00,89536.06428571,2025-12-01T00:09:59.999000+00:00
a1b657fa-4016-4c8b-ab78-2306dba538c2,BTCUSDT,ASK,88678.61428571,0.00112767,100.00,2025-12-01T00:24:59.999000+00:00,1,0.50,PENDING,,,
6acfa809-1726-4b9a-86e3-0a689a02cc2f,BTCUSDT,ASK,88853.52857143,0.00101290,90.00,2025-12-01T00:24:59.999000+00:00,2,1.00,PENDING,,,
768fa353-6e04-4d37-afdf-6e5856916a35,BTCUSDT,ASK,89028.44285714,0.00089859,80.00,2025-12-01T00:24:59.999000+00:00,3,1.50,PENDING,,,
a1b657fa-4016-4c8b-ab78-2306dba538c2,BTCUSDT,ASK,88678.61428571,0.00112767,100.00,2025-12-01T00:24:59.999000+00:00,1,0.50,FILLED,2025-12-01T11:39:40.132406+00:00,88678.61428571,2025-12-01T00:24:59.999000+00:00
c2e4d1a3-5a70-4a29-923f-2071ff99a7b5,BTCUSDT,ASK,88040.83214286,0.00113584,100.00,2025-12-01T00:39:59.999000+00:00,1,0.50,PENDING,,,
0fdf9fa9-dedb-4ca6-a272-595109294b47,BTCUSDT,ASK,88251.96428571,0.00101981,90.00,2025-12-01T00:39:59.999000+00:00,2,1.00,PENDING,,,
01bce7b7-2ffd-4e3e-8d83-0d79def0107f,BTCUSDT,ASK,88463.09642857,0.00090433,80.00,2025-12-01T00:39:59.999000+00:00,3,1.50,PENDING,,,
c2e4d1a3-5a70-4a29-923f-2071ff99a7b5,BTCUSDT,ASK,88040.83214286,0.00113584,100.00,2025-12-01T00:39:59.999000+00:00,1,0.50,FILLED,2025-12-01T11:39:40.155678+00:00,88040.83214286,2025-12-01T00:39:59.999000+00:00
74878db0-052f-4ac9-ad8d-055e4125eb0f,BTCUSDT,ASK,87353.76428571,0.00114477,100.00,2025-12-01T00:54:59.999000+00:00,1,0.50,PENDING,,,
e591e5a9-d2d9-41da-97cd-5ebd1e97bbf4,BTCUSDT,ASK,87592.22857143,0.00102749,90.00,2025-12-01T00:54:59.999000+00:00,2,1.00,PENDING,,,
18d53b5a-ec73-4ad9-8d45-be86f8134f8d,BTCUSDT,ASK,87830.69285714,0.00091084,80.00,2025-12-01T00:54:59.999000+00:00,3,1.50,PENDING,,,
74878db0-052f-4ac9-ad8d-055e4125eb0f,BTCUSDT,ASK,87353.76428571,0.00114477,100.00,2025-12-01T00:54:59.999000+00:00,1,0.50,FILLED,2025-12-01T11:39:40.178427+00:00,87353.76428571,2025-12-01T00:54:59.999000+00:00
e591e5a9-d2d9-41da-97cd-5ebd1e97bbf4,BTCUSDT,ASK,87592.22857143,0.00102749,90.00,2025-12-01T00:54:59.999000+00:00,2,1.00,FILLED,2025-12-01T11:39:40.186534+00:00,87592.22857143,2025-12-01T01:09:59.999000+00:00
0e35e278-9634-4da1-9d43-b995c1b824b3,BTCUSDT,ASK,87893.99285714,0.00102396,90.00,2025-12-01T01:09:59.999000+00:00,2,1.00,PENDING,,,
24e64cfe-952a-4fd4-ab6a-c26ddde929f3,BTCUSDT,BID,87271.19285714,0.00114585,100.00,2025-12-01T01:19:59.999000+00:00,1,0.50,PENDING,,,
46edec76-0f65-4992-887e-1de9ab265b2d,BTCUSDT,BID,87047.58571429,0.00103392,90.00,2025-12-01T01:19:59.999000+00:00,2,1.00,PENDING,,,
843a3378-0073-4351-9888-ff430a2ab7e3,BTCUSDT,BID,86823.97857143,0.00092140,80.00,2025-12-01T01:19:59.999000+00:00,3,1.50,PENDING,,,
24e64cfe-952a-4fd4-ab6a-c26ddde929f3,BTCUSDT,BID,87271.19285714,0.00114585,100.00,2025-12-01T01:19:59.999000+00:00,1,0.50,FILLED,2025-12-01T11:39:40.217276+00:00,87271.19285714,2025-12-01T01:29:59.999000+00:00
a9932dee-77d7-4472-8889-89d5c6105bf7,BTCUSDT,BID,87023.10000000,0.00114912,100.00,2025-12-01T01:29:59.999000+00:00,1,0.50,PENDING,,,
9f7a7af1-3fee-4854-b5bb-059168bfc05a,BTCUSDT,ASK,87319.50714286,0.00114522,100.00,2025-12-01T01:54:59.999000+00:00,1,0.50,PENDING,,,
ab7f9594-1e15-4dd0-906c-d78a29999550,BTCUSDT,ASK,87476.71428571,0.00102885,90.00,2025-12-01T01:54:59.999000+00:00,2,1.00,PENDING,,,
89c00302-137e-41c0-a48c-2ce5a6c75516,BTCUSDT,ASK,87633.92142857,0.00091289,80.00,2025-12-01T01:54:59.999000+00:00,3,1.50,PENDING,,,
9f7a7af1-3fee-4854-b5bb-059168bfc05a,BTCUSDT,ASK,87319.50714286,0.00114522,100.00,2025-12-01T01:54:59.999000+00:00,1,0.50,FILLED,2025-12-01T11:39:40.245724+00:00,87319.50714286,2025-12-01T01:54:59.999000+00:00
09f6568a-11d0-4ad6-973c-6f637976b0a4,BTCUSDT,ASK,87160.40000000,0.00114731,100.00,2025-12-01T02:29:59.999000+00:00,1,0.50,PENDING,,,
d9aec52b-4394-495e-b636-dd96d596ade9,BTCUSDT,ASK,87269.10000000,0.00103129,90.00,2025-12-01T02:29:59.999000+00:00,2,1.00,PENDING,,,
4749ba02-b8d4-4d16-a5d3-4f42a2b8d365,BTCUSDT,ASK,87377.80000000,0.00091556,80.00,2025-12-01T02:29:59.999000+00:00,3,1.50,PENDING,,,
0a455741-50c7-4ac0-a936-6a91e0e5e157,BTCUSDT,ASK,86904.35000000,0.00115069,100.00,2025-12-01T02:44:59.999000+00:00,1,0.50,PENDING,,,
0b19cfda-9d68-40f8-b63b-1f73d103d83e,BTCUSDT,ASK,87024.70000000,0.00103419,90.00,2025-12-01T02:44:59.999000+00:00,2,1.00,PENDING,,,
5334ed12-c62a-4372-a4a4-c0a3d878c924,BTCUSDT,ASK,87145.05000000,0.00091801,80.00,2025-12-01T02:44:59.999000+00:00,3,1.50,PENDING,,,
0a455741-50c7-4ac0-a936-6a91e0e5e157,BTCUSDT,ASK,86904.35000000,0.00115069,100.00,2025-12-01T02:44:59.999000+00:00,1,0.50,FILLED,2025-12-01T11:39:40.289822+00:00,86904.35000000,2025-12-01T02:44:59.999000+00:00
0cd33950-e138-4247-9885-9c7383b1b4b7,BTCUSDT,ASK,86492.35357143,0.00115617,100.00,2025-12-01T03:14:59.999000+00:00,1,0.50,PENDING,,,
f2bad491-abe4-41ec-a998-32d140bd9403,BTCUSDT,ASK,86619.10714286,0.00103903,90.00,2025-12-01T03:14:59.999000+00:00,2,1.00,PENDING,,,
143dac03-d55a-4d9f-b7f8-7f5b60154aba,BTCUSDT,ASK,86745.86071429,0.00092223,80.00,2025-12-01T03:14:59.999000+00:00,3,1.50,PENDING,,,
0cd33950-e138-4247-9885-9c7383b1b4b7,BTCUSDT,ASK,86492.35357143,0.00115617,100.00,2025-12-01T03:14:59.999000+00:00,1,0.50,FILLED,2025-12-01T11:39:40.313642+00:00,86492.35357143,2025-12-01T03:14:59.999000+00:00
4f7c5b0a-9166-4a6d-b0c2-5b23e7176876,BTCUSDT,ASK,86306.93928571,0.00115866,100.00,2025-12-01T03:39:59.999000+00:00,1,0.50,PENDING,,,
79210f46-a055-471a-ba40-71e517c0f668,BTCUSDT,ASK,86434.87857143,0.00104125,90.00,2025-12-01T03:39:59.999000+00:00,2,1.00,PENDING,,,
35eb6868-6ce8-4e9e-baec-601108a28e4b,BTCUSDT,ASK,86562.81785714,0.00092418,80.00,2025-12-01T03:39:59.999000+00:00,3,1.50,PENDING,,,
4f7c5b0a-9166-4a6d-b0c2-5b23e7176876,BTCUSDT,ASK,86306.93928571,0.00115866,100.00,2025-12-01T03:39:59.999000+00:00,1,0.50,FILLED,2025-12-01T11:39:40.336782+00:00,86306.93928571,2025-12-01T03:39:59.999000+00:00
79210f46-a055-471a-ba40-71e517c0f668,BTCUSDT,ASK,86434.87857143,0.00104125,90.00,2025-12-01T03:39:59.999000+00:00,2,1.00,FILLED,2025-12-01T11:39:40.343751+00:00,86434.87857143,2025-12-01T03:49:59.999000+00:00
ee92e550-00a4-4777-bead-acf37a43d482,BTCUSDT,ASK,86455.01428571,0.00104100,90.00,2025-12-01T03:49:59.999000+00:00,2,1.00,PENDING,,,
cb74d2fe-f17d-49e6-987c-5ef10e0f5b1f,BTCUSDT,ASK,86115.72500000,0.00116123,100.00,2025-12-01T04:14:59.999000+00:00,1,0.50,PENDING,,,
a894ab3d-551a-4f2d-9c85-76b69588eb4f,BTCUSDT,ASK,86224.35000000,0.00104379,90.00,2025-12-01T04:14:59.999000+00:00,2,1.00,PENDING,,,
dc458403-0050-4f87-914b-4dc66c568b80,BTCUSDT,ASK,86332.97500000,0.00092664,80.00,2025-12-01T04:14:59.999000+00:00,3,1.50,PENDING,,,
cb74d2fe-f17d-49e6-987c-5ef10e0f5b1f,BTCUSDT,ASK,86115.72500000,0.00116123,100.00,2025-12-01T04:14:59.999000+00:00,1,0.50,FILLED,2025-12-01T11:39:40.369994+00:00,86115.72500000,2025-12-01T04:14:59.999000+00:00
a894ab3d-551a-4f2d-9c85-76b69588eb4f,BTCUSDT,ASK,86224.35000000,0.00104379,90.00,2025-12-01T04:14:59.999000+00:00,2,1.00,FILLED,2025-12-01T11:39:40.370026+00:00,86224.35000000,2025-12-01T04:14:59.999000+00:00
cd5f56f6-4f57-408b-bd0b-953ddf0dad48,BTCUSDT,ASK,85808.31071429,0.00116539,100.00,2025-12-01T04:29:59.999000+00:00,1,0.50,PENDING,,,
c47eb793-28cf-4ac5-bf6b-1031a32348c2,BTCUSDT,ASK,85907.52142857,0.00104764,90.00,2025-12-01T04:29:59.999000+00:00,2,1.00,PENDING,,,
a3721e97-13df-475d-91d4-a34b2c1cd93a,BTCUSDT,ASK,86006.73214286,0.00093016,80.00,2025-12-01T04:29:59.999000+00:00,3,1.50,PENDING,,,
cd5f56f6-4f57-408b-bd0b-953ddf0dad48,BTCUSDT,ASK,85808.31071429,0.00116539,100.00,2025-12-01T04:29:59.999000+00:00,1,0.50,FILLED,2025-12-01T11:39:40.396904+00:00,85808.31071429,2025-12-01T04:34:59.999000+00:00
bbaf288a-77cd-449b-a940-cc807684c63c,BTCUSDT,ASK,85978.24642857,0.00116308,100.00,2025-12-01T04:34:59.999000+00:00,1,0.50,PENDING,,,
c47eb793-28cf-4ac5-bf6b-1031a32348c2,BTCUSDT,ASK,85907.52142857,0.00104764,90.00,2025-12-01T04:29:59.999000+00:00,2,1.00,FILLED,2025-12-01T11:39:40.409229+00:00,85907.52142857,2025-12-01T04:39:59.999000+00:00
853c00fd-a2bc-46e6-b200-ee38b8d18b4c,BTCUSDT,ASK,86104.85000000,0.00104524,90.00,2025-12-01T04:39:59.999000+00:00,2,1.00,PENDING,,,
9cade7fe-7a06-48fd-af72-17783ae09fe8,BTCUSDT,BID,85768.62857143,0.00116593,100.00,2025-12-01T04:44:59.999000+00:00,1,0.50,PENDING,,,
5fb526ab-8c1e-4d38-a84a-1cac6a197b2b,BTCUSDT,BID,85670.35714286,0.00105054,90.00,2025-12-01T04:44:59.999000+00:00,2,1.00,PENDING,,,
9c381b79-4c81-484d-80a4-a20a88aed73e,BTCUSDT,BID,85572.08571429,0.00093488,80.00,2025-12-01T04:44:59.999000+00:00,3,1.50,PENDING,,,
9cade7fe-7a06-48fd-af72-17783ae09fe8,BTCUSDT,BID,85768.62857143,0.00116593,100.00,2025-12-01T04:44:59.999000+00:00,1,0.50,FILLED,2025-12-01T11:39:40.437001+00:00,85768.62857143,2025-12-01T04:54:59.999000+00:00
7cfef20c-90a6-48a1-b7ad-885d2dd9b70e,BTCUSDT,BID,85628.81785714,0.00116783,100.00,2025-12-01T04:54:59.999000+00:00,1,0.50,PENDING,,,
3cf694b1-6b27-49ff-bd8f-01606da928ae,BTCUSDT,ASK,85854.56785714,0.00116476,100.00,2025-12-01T04:59:59.999000+00:00,1,0.50,PENDING,,,
1dc145eb-e68d-4b4b-b48e-abc9d5214ef5,BTCUSDT,ASK,85941.43571429,0.00104722,90.00,2025-12-01T04:59:59.999000+00:00,2,1.00,PENDING,,,
2d3fe4ae-21ea-46fd-886f-f92e3bf52c5d,BTCUSDT,ASK,86028.30357143,0.00092993,80.00,2025-12-01T04:59:59.999000+00:00,3,1.50,PENDING,,,
3cf694b1-6b27-49ff-bd8f-01606da928ae,BTCUSDT,ASK,85854.56785714,0.00116476,100.00,2025-12-01T04:59:59.999000+00:00,1,0.50,FILLED,2025-12-01T11:39:40.471218+00:00,85854.56785714,2025-12-01T05:04:59.999000+00:00
d3c0f66e-ecde-4c92-a5b9-d13ac3f9b126,BTCUSDT,ASK,85895.98928571,0.00116420,100.00,2025-12-01T05:04:59.999000+00:00,1,0.50,PENDING,,,
d3c0f66e-ecde-4c92-a5b9-d13ac3f9b126,BTCUSDT,ASK,85895.98928571,0.00116420,100.00,2025-12-01T05:04:59.999000+00:00,1,0.50,FILLED,2025-12-01T11:39:40.483242+00:00,85895.98928571,2025-12-01T05:14:59.999000+00:00
1dc145eb-e68d-4b4b-b48e-abc9d5214ef5,BTCUSDT,ASK,85941.43571429,0.00104722,90.00,2025-12-01T04:59:59.999000+00:00,2,1.00,FILLED,2025-12-01T11:39:40.489493+00:00,85941.43571429,2025-12-01T05:29:59.999000+00:00
004683c0-47df-40b5-a28c-16d4a9c7c6c4,BTCUSDT,ASK,86145.74285714,0.00104474,90.00,2025-12-01T05:29:59.999000+00:00,2,1.00,PENDING,,,
55a60761-5ac5-49d1-8c4f-e47258d36a5b,BTCUSDT,BID,85760.55000000,0.00116604,100.00,2025-12-01T05:34:59.999000+00:00,1,0.50,PENDING,,,
0df896e8-bd03-47e7-9514-3af9a8f925fd,BTCUSDT,BID,85678.20000000,0.00105044,90.00,2025-12-01T05:34:59.999000+00:00,2,1.00,PENDING,,,
235a25a1-cd95-4d05-97a1-eb72cc5605bf,BTCUSDT,BID,85595.85000000,0.00093462,80.00,2025-12-01T05:34:59.999000+00:00,3,1.50,PENDING,,,
55a60761-5ac5-49d1-8c4f-e47258d36a5b,BTCUSDT,BID,85760.55000000,0.00116604,100.00,2025-12-01T05:34:59.999000+00:00,1,0.50,FILLED,2025-12-01T11:39:40.517316+00:00,85760.55000000,2025-12-01T05:39:59.999000+00:00
02194a28-acf3-493f-9f83-75e80412c19a,BTCUSDT,BID,85544.58214286,0.00116898,100.00,2025-12-01T05:39:59.999000+00:00,1,0.50,PENDING,,,
0df896e8-bd03-47e7-9514-3af9a8f925fd,BTCUSDT,BID,85678.20000000,0.00105044,90.00,2025-12-01T05:34:59.999000+00:00,2,1.00,FILLED,2025-12-01T11:39:40.517345+00:00,85678.20000000,2025-12-01T05:39:59.999000+00:00
a40cdfb6-1c22-47db-abef-6a325db79b18,BTCUSDT,BID,85459.36428571,0.00105313,90.00,2025-12-01T05:39:59.999000+00:00,2,1.00,PENDING,,,
ee910285-0841-4470-ad57-7a86fef1ce2c,BTCUSDT,ASK,85799.38928571,0.00116551,100.00,2025-12-01T05:44:59.999000+00:00,1,0.50,PENDING,,,
e9fbc836-a0a9-4e01-a219-47a523048923,BTCUSDT,ASK,85882.07857143,0.00104795,90.00,2025-12-01T05:44:59.999000+00:00,2,1.00,PENDING,,,
ae0828d6-bb38-4cf9-b243-75706029742e,BTCUSDT,ASK,85964.76785714,0.00093061,80.00,2025-12-01T05:44:59.999000+00:00,3,1.50,PENDING,,,
ee910285-0841-4470-ad57-7a86fef1ce2c,BTCUSDT,ASK,85799.38928571,0.00116551,100.00,2025-12-01T05:44:59.999000+00:00,1,0.50,FILLED,2025-12-01T11:39:40.557392+00:00,85799.38928571,2025-12-01T05:49:59.999000+00:00
6a53cec8-77d8-4d92-896d-9ffdf3c126ce,BTCUSDT,ASK,86019.03214286,0.00116253,100.00,2025-12-01T05:49:59.999000+00:00,1,0.50,PENDING,,,
e9fbc836-a0a9-4e01-a219-47a523048923,BTCUSDT,ASK,85882.07857143,0.00104795,90.00,2025-12-01T05:44:59.999000+00:00,2,1.00,FILLED,2025-12-01T11:39:40.557421+00:00,85882.07857143,2025-12-01T05:49:59.999000+00:00
08a05267-913d-42be-b47b-b4408ac031dc,BTCUSDT,ASK,86104.46428571,0.00104524,90.00,2025-12-01T05:49:59.999000+00:00,2,1.00,PENDING,,,
a32af89f-ab16-4cdd-8a06-dd8aa30f1b21,BTCUSDT,BID,85815.53214286,0.00116529,100.00,2025-12-01T05:54:59.999000+00:00,1,0.50,PENDING,,,
2ec5f4f6-1f21-40ee-901a-13e7a60b6129,BTCUSDT,BID,85730.96428571,0.00104980,90.00,2025-12-01T05:54:59.999000+00:00,2,1.00,PENDING,,,
2c7c50d7-a3f4-4ce3-89d0-9296c3d3047e,BTCUSDT,BID,85646.39642857,0.00093407,80.00,2025-12-01T05:54:59.999000+00:00,3,1.50,PENDING,,,
6b768389-b867-4bfa-9a99-e3bc16faa939,BTCUSDT,BID,86142.33214286,0.00116087,100.00,2025-12-01T06:14:59.999000+00:00,1,0.50,PENDING,,,
29c7a2d1-24be-4af3-a140-f78cbec575bf,BTCUSDT,BID,86052.66428571,0.00104587,90.00,2025-12-01T06:14:59.999000+00:00,2,1.00,PENDING,,,
6b5c5953-c29c-4aec-9cf0-819f0294e9f5,BTCUSDT,BID,85962.99642857,0.00093063,80.00,2025-12-01T06:14:59.999000+00:00,3,1.50,PENDING,,,
6b768389-b867-4bfa-9a99-e3bc16faa939,BTCUSDT,BID,86142.33214286,0.00116087,100.00,2025-12-01T06:14:59.999000+00:00,1,0.50,FILLED,2025-12-01T11:39:40.614651+00:00,86142.33214286,2025-12-01T06:14:59.999000+00:00
29c7a2d1-24be-4af3-a140-f78cbec575bf,BTCUSDT,BID,86052.66428571,0.00104587,90.00,2025-12-01T06:14:59.999000+00:00,2,1.00,FILLED,2025-12-01T11:39:40.621768+00:00,86052.66428571,2025-12-01T06:19:59.999000+00:00
5cef6ca0-b177-4f82-af80-f685ff70a5f2,BTCUSDT,BID,85842.85000000,0.00104843,90.00,2025-12-01T06:19:59.999000+00:00,2,1.00,PENDING,,,
f9ab8485-bd3a-4a70-91db-5a9e92e4fefe,BTCUSDT,ASK,86075.70714286,0.00116177,100.00,2025-12-01T06:24:59.999000+00:00,1,0.50,PENDING,,,
4bc8097b-b46e-494a-8ba2-4b41426de029,BTCUSDT,ASK,86159.61428571,0.00104457,90.00,2025-12-01T06:24:59.999000+00:00,2,1.00,PENDING,,,
d25f3808-a67b-4062-bba9-68d29eeb275a,BTCUSDT,ASK,86243.52142857,0.00092761,80.00,2025-12-01T06:24:59.999000+00:00,3,1.50,PENDING,,,
f9ab8485-bd3a-4a70-91db-5a9e92e4fefe,BTCUSDT,ASK,86075.70714286,0.00116177,100.00,2025-12-01T06:24:59.999000+00:00,1,0.50,FILLED,2025-12-01T11:39:40.649736+00:00,86075.70714286,2025-12-01T06:39:59.999000+00:00
0df160f2-a442-4101-af3f-51ce73e79881,BTCUSDT,ASK,86271.42142857,0.00115913,100.00,2025-12-01T06:39:59.999000+00:00,1,0.50,PENDING,,,
4bc8097b-b46e-494a-8ba2-4b41426de029,BTCUSDT,ASK,86159.61428571,0.00104457,90.00,2025-12-01T06:24:59.999000+00:00,2,1.00,FILLED,2025-12-01T11:39:40.649763+00:00,86159.61428571,2025-12-01T06:39:59.999000+00:00
bf6e46f8-cf3e-4c21-a985-95ce8c5bf526,BTCUSDT,ASK,86352.84285714,0.00104224,90.00,2025-12-01T06:39:59.999000+00:00,2,1.00,PENDING,,,
a5a26dc5-5861-4c35-a9a1-f697699e1926,BTCUSDT,BID,86163.83571429,0.00116058,100.00,2025-12-01T06:44:59.999000+00:00,1,0.50,PENDING,,,
82cb979f-160b-482f-974f-7d54b3ea45c6,BTCUSDT,BID,86084.47142857,0.00104548,90.00,2025-12-01T06:44:59.999000+00:00,2,1.00,PENDING,,,
75e0538a-c5cd-4ad2-a152-d07bf4d74f08,BTCUSDT,BID,86005.10714286,0.00093018,80.00,2025-12-01T06:44:59.999000+00:00,3,1.50,PENDING,,,
a5a26dc5-5861-4c35-a9a1-f697699e1926,BTCUSDT,BID,86163.83571429,0.00116058,100.00,2025-12-01T06:44:59.999000+00:00,1,0.50,FILLED,2025-12-01T11:39:40.691412+00:00,86163.83571429,2025-12-01T06:44:59.999000+00:00
82cb979f-160b-482f-974f-7d54b3ea45c6,BTCUSDT,BID,86084.47142857,0.00104548,90.00,2025-12-01T06:44:59.999000+00:00,2,1.00,FILLED,2025-12-01T11:39:40.698913+00:00,86084.47142857,2025-12-01T06:54:59.999000+00:00
ac239240-e493-457f-80af-8f2fb1315252,BTCUSDT,BID,85998.90000000,0.00104653,90.00,2025-12-01T06:54:59.999000+00:00,2,1.00,PENDING,,,
48f8d6cb-15aa-48dd-be8f-8a142e33be1e,BTCUSDT,ASK,86154.65000000,0.00116070,100.00,2025-12-01T07:09:59.999000+00:00,1,0.50,PENDING,,,
54c513b9-dbd2-4786-8cea-316f6976e75f,BTCUSDT,ASK,86230.10000000,0.00104372,90.00,2025-12-01T07:09:59.999000+00:00,2,1.00,PENDING,,,
4adf51d1-1abf-4fef-8154-7775aca1ae8d,BTCUSDT,ASK,86305.55000000,0.00092694,80.00,2025-12-01T07:09:59.999000+00:00,3,1.50,PENDING,,,
48f8d6cb-15aa-48dd-be8f-8a142e33be1e,BTCUSDT,ASK,86154.65000000,0.00116070,100.00,2025-12-01T07:09:59.999000+00:00,1,0.50,FILLED,2025-12-01T11:39:40.727596+00:00,86154.65000000,2025-12-01T07:09:59.999000+00:00
54c513b9-dbd2-4786-8cea-316f6976e75f,BTCUSDT,ASK,86230.10000000,0.00104372,90.00,2025-12-01T07:09:59.999000+00:00,2,1.00,FILLED,2025-12-01T11:39:40.735502+00:00,86230.10000000,2025-12-01T07:29:59.999000+00:00
5b892889-f3e7-45a7-a16c-7f718896dd7b,BTCUSDT,ASK,86332.25714286,0.00104248,90.00,2025-12-01T07:29:59.999000+00:00,2,1.00,PENDING,,,
a10267bb-9df5-43e9-a2ea-29accff51358,BTCUSDT,BID,86267.93928571,0.00115918,100.00,2025-12-01T07:39:59.999000+00:00,1,0.50,PENDING,,,
02e01fd0-bccc-470a-b673-32b2ac8a40f4,BTCUSDT,BID,86198.97857143,0.00104410,90.00,2025-12-01T07:39:59.999000+00:00,2,1.00,PENDING,,,
572c676b-321c-4e6e-9940-805fc57e7ff3,BTCUSDT,BID,86130.01785714,0.00092883,80.00,2025-12-01T07:39:59.999000+00:00,3,1.50,PENDING,,,
a10267bb-9df5-43e9-a2ea-29accff51358,BTCUSDT,BID,86267.93928571,0.00115918,100.00,2025-12-01T07:39:59.999000+00:00,1,0.50,FILLED,2025-12-01T11:39:40.762118+00:00,86267.93928571,2025-12-01T07:39:59.999000+00:00
fb4bba72-875c-46d3-989b-a67718642bbe,BTCUSDT,BID,86420.19285714,0.00115714,100.00,2025-12-01T07:59:59.999000+00:00,1,0.50,PENDING,,,
6e0de803-421a-405c-a856-089b5074afdb,BTCUSDT,BID,86352.78571429,0.00104224,90.00,2025-12-01T07:59:59.999000+00:00,2,1.00,PENDING,,,
185dfbea-db3e-4162-999d-5ae326984ea1,BTCUSDT,BID,86285.37857143,0.00092716,80.00,2025-12-01T07:59:59.999000+00:00,3,1.50,PENDING,,,
fb4bba72-875c-46d3-989b-a67718642bbe,BTCUSDT,BID,86420.19285714,0.00115714,100.00,2025-12-01T07:59:59.999000+00:00,1,0.50,FILLED,2025-12-01T11:39:40.784094+00:00,86420.19285714,2025-12-01T08:04:59.999000+00:00
e1c4b35b-a42b-4249-97dd-3b7acc2c7e07,BTCUSDT,BID,86282.17857143,0.00115899,100.00,2025-12-01T08:04:59.999000+00:00,1,0.50,PENDING,,,
6e0de803-421a-405c-a856-089b5074afdb,BTCUSDT,BID,86352.78571429,0.00104224,90.00,2025-12-01T07:59:59.999000+00:00,2,1.00,FILLED,2025-12-01T11:39:40.784152+00:00,86352.78571429,2025-12-01T08:04:59.999000+00:00
13e43132-ad24-4bf4-b198-65803002cdf4,BTCUSDT,BID,86214.95714286,0.00104390,90.00,2025-12-01T08:04:59.999000+00:00,2,1.00,PENDING,,,
2db1ebd2-e286-4089-a2ce-58839ac79ab7,BTCUSDT,BID,86577.78928571,0.00115503,100.00,2025-12-01T08:39:59.999000+00:00,1,0.50,PENDING,,,
d757ec34-2b45-4981-997c-5a44d7f344ac,BTCUSDT,BID,86498.57857143,0.00104048,90.00,2025-12-01T08:39:59.999000+00:00,2,1.00,PENDING,,,
2540823f-5ce5-4489-81d7-7c54bbe7d153,BTCUSDT,BID,86419.36785714,0.00092572,80.00,2025-12-01T08:39:59.999000+00:00,3,1.50,PENDING,,,
2db1ebd2-e286-4089-a2ce-58839ac79ab7,BTCUSDT,BID,86577.78928571,0.00115503,100.00,2025-12-01T08:39:59.999000+00:00,1,0.50,FILLED,2025-12-01T11:39:40.824926+00:00,86577.78928571,2025-12-01T08:39:59.999000+00:00
7140bb6e-38d9-4a3f-81de-4836dc3e060d,BTCUSDT,BID,86671.50357143,0.00115378,100.00,2025-12-01T08:54:59.999000+00:00,1,0.50,PENDING,,,
264a6f28-fb10-491a-aea4-ed4daa3f6622,BTCUSDT,BID,86600.40714286,0.00103926,90.00,2025-12-01T08:54:59.999000+00:00,2,1.00,PENDING,,,
884e0f6d-f3d2-4f94-9044-d7e0dacaa60a,BTCUSDT,BID,86529.31071429,0.00092454,80.00,2025-12-01T08:54:59.999000+00:00,3,1.50,PENDING,,,
7140bb6e-38d9-4a3f-81de-4836dc3e060d,BTCUSDT,BID,86671.50357143,0.00115378,100.00,2025-12-01T08:54:59.999000+00:00,1,0.50,FILLED,2025-12-01T11:39:40.849049+00:00,86671.50357143,2025-12-01T09:09:59.999000+00:00
1e374a65-d385-4fb1-9390-858b93d275ba,BTCUSDT,BID,86612.61428571,0.00115457,100.00,2025-12-01T09:09:59.999000+00:00,1,0.50,PENDING,,,
e4cccc44-b269-474d-b02c-ee29bc5a87c5,BTCUSDT,ASK,86673.98571429,0.00115375,100.00,2025-12-01T09:14:59.999000+00:00,1,0.50,PENDING,,,
44630d7c-f616-49ed-bcc7-19f2dc776703,BTCUSDT,ASK,86747.97142857,0.00103749,90.00,2025-12-01T09:14:59.999000+00:00,2,1.00,PENDING,,,
891c9ce2-5388-45c8-99d3-9a4840cc8cc6,BTCUSDT,ASK,86821.95714286,0.00092143,80.00,2025-12-01T09:14:59.999000+00:00,3,1.50,PENDING,,,
e4cccc44-b269-474d-b02c-ee29bc5a87c5,BTCUSDT,ASK,86673.98571429,0.00115375,100.00,2025-12-01T09:14:59.999000+00:00,1,0.50,FILLED,2025-12-01T11:39:40.877882+00:00,86673.98571429,2025-12-01T09:14:59.999000+00:00
a64e13d8-5b00-469b-8d21-359c3f0dcf90,BTCUSDT,ASK,86692.13214286,0.00115351,100.00,2025-12-01T09:34:59.999000+00:00,1,0.50,PENDING,,,
05d52260-5adb-4d52-a57e-3e26bc47a593,BTCUSDT,ASK,86759.26428571,0.00103735,90.00,2025-12-01T09:34:59.999000+00:00,2,1.00,PENDING,,,
9d1ac542-f22b-458c-b250-a1ec3a371e25,BTCUSDT,ASK,86826.39642857,0.00092138,80.00,2025-12-01T09:34:59.999000+00:00,3,1.50,PENDING,,,
a64e13d8-5b00-469b-8d21-359c3f0dcf90,BTCUSDT,ASK,86692.13214286,0.00115351,100.00,2025-12-01T09:34:59.999000+00:00,1,0.50,FILLED,2025-12-01T11:39:40.900735+00:00,86692.13214286,2025-12-01T09:39:59.999000+00:00
77037701-af54-40d8-9c72-fa183a06c7cd,BTCUSDT,ASK,86698.50357143,0.00115342,100.00,2025-12-01T09:39:59.999000+00:00,1,0.50,PENDING,,,
05d52260-5adb-4d52-a57e-3e26bc47a593,BTCUSDT,ASK,86759.26428571,0.00103735,90.00,2025-12-01T09:34:59.999000+00:00,2,1.00,FILLED,2025-12-01T11:39:40.913066+00:00,86759.26428571,2025-12-01T09:44:59.999000+00:00
d7d06176-9382-47f8-a8e1-cd98f22f59c1,BTCUSDT,ASK,86927.11428571,0.00103535,90.00,2025-12-01T09:44:59.999000+00:00,2,1.00,PENDING,,,
77037701-af54-40d8-9c72-fa183a06c7cd,BTCUSDT,ASK,86698.50357143,0.00115342,100.00,2025-12-01T09:39:59.999000+00:00,1,0.50,FILLED,2025-12-01T11:39:40.913097+00:00,86698.50357143,2025-12-01T09:44:59.999000+00:00
cd75de6e-0c36-4f88-aa22-2d691466cd81,BTCUSDT,ASK,86861.25714286,0.00115126,100.00,2025-12-01T09:44:59.999000+00:00,1,0.50,PENDING,,,
376cf2d7-461c-463a-978b-f6f5145a5ff5,BTCUSDT,BID,86589.53571429,0.00115487,100.00,2025-12-01T09:49:59.999000+00:00,1,0.50,PENDING,,,
4d5dff2c-637c-4d94-997e-2f7f6ee3d374,BTCUSDT,BID,86522.87142857,0.00104019,90.00,2025-12-01T09:49:59.999000+00:00,2,1.00,PENDING,,,
c6ccebf4-f049-49fb-b78c-96a58cf940be,BTCUSDT,BID,86456.20714286,0.00092532,80.00,2025-12-01T09:49:59.999000+00:00,3,1.50,PENDING,,,
a14d7635-3425-412d-b796-b7c12cfb51ba,BTCUSDT,ASK,86696.30357143,0.00115345,100.00,2025-12-01T10:19:59.999000+00:00,1,0.50,PENDING,,,
73bfb065-80e8-4661-8aa1-d26bb88b9b49,BTCUSDT,ASK,86756.30714286,0.00103739,90.00,2025-12-01T10:19:59.999000+00:00,2,1.00,PENDING,,,
bb7157e5-8b23-4fa3-9534-50ba5d792edb,BTCUSDT,ASK,86816.31071429,0.00092149,80.00,2025-12-01T10:19:59.999000+00:00,3,1.50,PENDING,,,
caff501b-c55d-4051-87c8-08a25ce54a45,BTCUSDT,ASK,86493.74285714,0.00115615,100.00,2025-12-01T11:09:59.999000+00:00,1,0.50,PENDING,,,
a5f4bcfa-bf9b-4354-bdfd-5fe0e8747876,BTCUSDT,ASK,86537.18571429,0.00104002,90.00,2025-12-01T11:09:59.999000+00:00,2,1.00,PENDING,,,
4b09a75e-4c81-4568-86da-0ef5f06a0d7e,BTCUSDT,ASK,86580.62857143,0.00092399,80.00,2025-12-01T11:09:59.999000+00:00,3,1.50,PENDING,,,
caff501b-c55d-4051-87c8-08a25ce54a45,BTCUSDT,ASK,86493.74285714,0.00115615,100.00,2025-12-01T11:09:59.999000+00:00,1,0.50,FILLED,2025-12-01T11:39:40.991554+00:00,86493.74285714,2025-12-01T11:09:59.999000+00:00
a80046da-9434-4d47-aa1d-76f2d4ba932e,BTCUSDT,ASK,86394.15357143,0.00115749,100.00,2025-12-01T11:34:59.999000+00:00,1,0.50,PENDING,,,
85f315b3-9fa3-4756-b6ce-438cd2918798,BTCUSDT,ASK,86438.30714286,0.00104121,90.00,2025-12-01T11:34:59.999000+00:00,2,1.00,PENDING,,,
fcbd800a-2a09-4535-8971-faa9159a8c4f,BTCUSDT,ASK,86482.46071429,0.00092504,80.00,2025-12-01T11:34:59.999000+00:00,3,1.50,PENDING,,,
a80046da-9434-4d47-aa1d-76f2d4ba932e,BTCUSDT,ASK,86394.15357143,0.00115749,100.00,2025-12-01T11:34:59.999000+00:00,1,0.50,FILLED,2025-12-01T11:39:41.014513+00:00,86394.15357143,2025-12-01T11:34:59.999000+00:00
