status,open_time,close_time,symbol,side,entry_price,exit_price,position_size_usd,position_size_qty,num_fills,gross_pnl,realized_pnl,total_fees,close_reason,cumulative_wins,cumulative_losses,cumulative_pnl,cumulative_fees
LOSS,2025-12-01T11:52:17.918284+00:00,2025-11-24T14:14:59.999000+00:00,BTCUSDT,LONG,86181.87908449,86023.00000000,190.00,0.00220464,2,-0.3503,-0.3920,0.041730,SIGNAL_REVERSAL,0,1,-0.3920,0.045530
LOSS,2025-12-01T11:52:17.955444+00:00,2025-11-24T15:59:59.999000+00:00,BTCUSDT,SHORT,86371.24570495,86571.00000000,270.00,0.00312604,3,-0.6244,-0.6840,0.059525,SIGNAL_REVERSAL,0,2,-1.0760,0.110455
WIN,2025-12-01T11:52:17.990200+00:00,2025-11-24T16:29:59.999000+00:00,BTCUSDT,LONG,86307.30000000,87185.50000000,100.00,0.00115865,1,1.0175,0.9953,0.022204,SIGNAL_REVERSAL,1,2,-0.0806,0.134658
WIN,2025-12-01T11:52:18.013396+00:00,2025-11-24T17:44:59.999000+00:00,BTCUSDT,LONG,86909.76071429,87880.60000000,100.00,0.00115062,1,1.1171,1.0948,0.022223,SIGNAL_REVERSAL,2,2,1.0142,0.158882
WIN,2025-12-01T11:52:18.059026+00:00,2025-11-24T19:14:59.999000+00:00,BTCUSDT,LONG,88147.65357143,88626.00000000,100.00,0.00113446,1,0.5427,0.5206,0.022109,SIGNAL_REVERSAL,3,2,1.5348,0.182990
LOSS,2025-12-01T11:52:18.083889+00:00,2025-11-24T19:59:59.999000+00:00,BTCUSDT,LONG,88400.92500000,88277.00000000,100.00,0.00113121,1,-0.1402,-0.1622,0.021972,SIGNAL_REVERSAL,3,3,1.3726,0.206962
LOSS,2025-12-01T11:52:18.116306+00:00,2025-11-24T20:29:59.999000+00:00,BTCUSDT,SHORT,88593.98024342,88840.90000000,190.00,0.00214462,2,-0.5295,-0.5715,0.041906,SIGNAL_REVERSAL,3,4,0.8011,0.252668
WIN,2025-12-01T11:52:18.160633+00:00,2025-11-24T20:59:59.999000+00:00,BTCUSDT,LONG,88636.10000000,89018.70000000,100.00,0.00112821,1,0.4317,0.4096,0.022086,SIGNAL_REVERSAL,4,4,1.2107,0.276754
LOSS,2025-12-01T11:52:18.185657+00:00,2025-11-24T21:59:59.999000+00:00,BTCUSDT,LONG,88822.73719241,88713.30000000,200.00,0.00225168,2,-0.2464,-0.2904,0.043951,SIGNAL_REVERSAL,4,5,0.9203,0.324705
WIN,2025-12-01T11:52:18.231680+00:00,2025-11-24T23:14:59.999000+00:00,BTCUSDT,SHORT,88941.06984872,88470.50000000,190.00,0.00213625,2,1.0053,0.9637,0.041599,SIGNAL_REVERSAL,5,5,1.8840,0.370104
WIN,2025-12-01T11:52:18.280662+00:00,2025-11-24T23:59:59.999000+00:00,BTCUSDT,SHORT,88613.37142857,88247.10000000,100.00,0.00112850,1,0.4133,0.3914,0.021917,SIGNAL_REVERSAL,6,5,2.2754,0.394021
WIN,2025-12-01T11:52:18.311820+00:00,2025-11-25T00:29:59.999000+00:00,BTCUSDT,SHORT,88369.58214286,87846.30000000,100.00,0.00113161,1,0.5922,0.5703,0.021882,SIGNAL_REVERSAL,7,5,2.8457,0.417903
WIN,2025-12-01T11:52:18.340632+00:00,2025-11-25T02:14:59.999000+00:00,BTCUSDT,SHORT,88080.09986976,87751.30000000,270.00,0.00306539,3,1.0079,0.9487,0.059198,SIGNAL_REVERSAL,8,5,3.7944,0.482501
WIN,2025-12-01T11:52:18.398494+00:00,2025-11-25T03:14:59.999000+00:00,BTCUSDT,SHORT,87882.91785714,87765.90000000,100.00,0.00113788,1,0.1332,0.1112,0.021973,SIGNAL_REVERSAL,9,5,3.9056,0.506475
WIN,2025-12-01T11:52:18.424529+00:00,2025-11-25T04:29:59.999000+00:00,BTCUSDT,LONG,87626.94285714,87991.80000000,100.00,0.00114120,1,0.4164,0.3943,0.022083,SIGNAL_REVERSAL,10,5,4.2999,0.530558
LOSS,2025-12-01T11:52:18.484670+00:00,2025-11-25T06:14:59.999000+00:00,BTCUSDT,LONG,88086.25162310,88041.00000000,190.00,0.00215698,2,-0.0976,-0.1394,0.041780,SIGNAL_REVERSAL,10,6,4.1605,0.576139
WIN,2025-12-01T11:52:18.544148+00:00,2025-11-25T07:44:59.999000+00:00,BTCUSDT,SHORT,87959.55000000,87664.50000000,100.00,0.00113689,1,0.3354,0.3135,0.021933,SIGNAL_REVERSAL,11,6,4.4740,0.600072
WIN,2025-12-01T11:52:18.599771+00:00,2025-11-25T09:14:59.999000+00:00,BTCUSDT,SHORT,87496.35000000,86798.30000000,100.00,0.00114290,1,0.7978,0.7760,0.021840,SIGNAL_REVERSAL,12,6,5.2499,0.623912
LOSS,2025-12-01T11:52:18.633629+00:00,2025-11-25T10:14:59.999000+00:00,BTCUSDT,SHORT,87027.36387139,87011.40000000,270.00,0.00310247,3,0.0495,-0.0099,0.059390,SIGNAL_REVERSAL,12,7,5.2401,0.688702
WIN,2025-12-01T11:52:18.708794+00:00,2025-11-25T12:29:59.999000+00:00,BTCUSDT,LONG,87262.22142857,87581.80000000,100.00,0.00114597,1,0.3662,0.3442,0.022073,SIGNAL_REVERSAL,13,7,5.5842,0.712775
LOSS,2025-12-01T11:52:18.738407+00:00,2025-11-25T13:59:59.999000+00:00,BTCUSDT,LONG,87321.26701854,87027.80000000,360.00,0.00412271,4,-1.2099,-1.2888,0.078958,SIGNAL_REVERSAL,13,8,4.2954,0.798933
WIN,2025-12-01T11:52:18.807610+00:00,2025-11-25T14:59:59.999000+00:00,BTCUSDT,SHORT,87168.90357143,86695.00000000,100.00,0.00114720,1,0.5437,0.5218,0.021891,SIGNAL_REVERSAL,14,8,4.8172,0.822825
WIN,2025-12-01T11:52:18.834256+00:00,2025-11-25T15:59:59.999000+00:00,BTCUSDT,SHORT,86978.65689671,86946.50000000,190.00,0.00218444,2,0.0702,0.0285,0.041786,SIGNAL_REVERSAL,15,8,4.8456,0.868411
WIN,2025-12-01T11:52:18.878295+00:00,2025-11-25T17:29:59.999000+00:00,BTCUSDT,LONG,86717.32142857,87454.40000000,100.00,0.00115317,1,0.8500,0.8278,0.022170,SIGNAL_REVERSAL,16,8,5.6734,0.892581
LOSS,2025-12-01T11:52:18.920532+00:00,2025-11-25T19:14:59.999000+00:00,BTCUSDT,LONG,87220.49285714,86909.90000000,100.00,0.00114652,1,-0.3561,-0.3780,0.021929,SIGNAL_REVERSAL,16,9,5.2954,0.916509
WIN,2025-12-01T11:52:18.949358+00:00,2025-11-25T19:44:59.999000+00:00,BTCUSDT,SHORT,87111.67142857,86582.80000000,100.00,0.00114795,1,0.6071,0.5852,0.021879,SIGNAL_REVERSAL,17,9,5.8806,0.940388
LOSS,2025-12-01T11:52:18.975307+00:00,2025-11-25T20:14:59.999000+00:00,BTCUSDT,SHORT,86798.25000000,87051.90000000,100.00,0.00115210,1,-0.2922,-0.3143,0.022058,SIGNAL_REVERSAL,17,10,5.5664,0.964446
WIN,2025-12-01T11:52:19.010856+00:00,2025-11-25T20:59:59.999000+00:00,BTCUSDT,LONG,86837.33214286,87330.80000000,100.00,0.00115158,1,0.5683,0.5462,0.022114,SIGNAL_REVERSAL,18,10,6.1125,0.988560
LOSS,2025-12-01T11:52:19.038014+00:00,2025-11-25T22:14:59.999000+00:00,BTCUSDT,LONG,87124.60714286,86608.60000000,100.00,0.00114778,1,-0.5923,-0.6141,0.021882,SIGNAL_REVERSAL,18,11,5.4984,1.012442
LOSS,2025-12-01T11:52:19.068171+00:00,2025-11-25T22:44:59.999000+00:00,BTCUSDT,SHORT,86899.18311925,87294.70000000,190.00,0.00218644,2,-0.8648,-0.9067,0.041973,SIGNAL_REVERSAL,18,12,4.5916,1.058214
WIN,2025-12-01T11:52:19.106850+00:00,2025-11-25T23:59:59.999000+00:00,BTCUSDT,LONG,87093.45357143,87324.10000000,100.00,0.00114819,1,0.2648,0.2428,0.022053,SIGNAL_REVERSAL,19,12,4.8344,1.082267
LOSS,2025-12-01T11:52:19.132685+00:00,2025-11-26T01:44:59.999000+00:00,BTCUSDT,SHORT,87599.89817578,88041.70000000,290.00,0.00331051,3,-1.4626,-1.5267,0.064093,SIGNAL_REVERSAL,19,13,3.3077,1.152160
LOSS,2025-12-01T11:52:19.188597+00:00,2025-11-26T03:14:59.999000+00:00,BTCUSDT,LONG,87759.07979400,87657.50000000,190.00,0.00216502,2,-0.2199,-0.2617,0.041756,SIGNAL_REVERSAL,19,14,3.0460,1.197716
WIN,2025-12-01T11:52:19.218903+00:00,2025-11-26T03:59:59.999000+00:00,BTCUSDT,SHORT,87804.37142857,87088.50000000,100.00,0.00113890,1,0.8153,0.7935,0.021837,SIGNAL_REVERSAL,20,14,3.8395,1.221553
LOSS,2025-12-01T11:52:19.248486+00:00,2025-11-26T05:29:59.999000+00:00,BTCUSDT,SHORT,87318.84073814,87507.50000000,190.00,0.00217593,2,-0.4105,-0.4524,0.041882,SIGNAL_REVERSAL,20,15,3.3871,1.267235
LOSS,2025-12-01T11:52:19.306305+00:00,2025-11-26T08:29:59.999000+00:00,BTCUSDT,LONG,87666.38214286,87522.10000000,100.00,0.00114069,1,-0.1646,-0.1865,0.021967,SIGNAL_REVERSAL,20,16,3.2006,1.291202
WIN,2025-12-01T11:52:19.335081+00:00,2025-11-26T09:14:59.999000+00:00,BTCUSDT,SHORT,87632.56071429,87325.10000000,100.00,0.00114113,1,0.3509,0.3289,0.021930,SIGNAL_REVERSAL,21,16,3.5295,1.315132
WIN,2025-12-01T11:52:19.378512+00:00,2025-11-26T10:29:59.999000+00:00,BTCUSDT,SHORT,87027.60357143,86830.00000000,100.00,0.00114906,1,0.2271,0.2051,0.021955,SIGNAL_REVERSAL,22,16,3.7346,1.339087
LOSS,2025-12-01T11:52:19.401956+00:00,2025-11-26T11:59:59.999000+00:00,BTCUSDT,SHORT,86928.46071429,87049.20000000,100.00,0.00115037,1,-0.1389,-0.1609,0.022028,SIGNAL_REVERSAL,22,17,3.5737,1.363114
LOSS,2025-12-01T11:52:19.432399+00:00,2025-11-26T12:29:59.999000+00:00,BTCUSDT,LONG,86863.96561217,86470.30000000,270.00,0.00310831,3,-1.2236,-1.2828,0.059155,SIGNAL_REVERSAL,22,18,2.2909,1.427670
LOSS,2025-12-01T11:52:19.482024+00:00,2025-11-26T13:59:59.999000+00:00,BTCUSDT,SHORT,86743.67177299,87082.00000000,560.00,0.00645580,6,-2.1842,-2.3078,0.123637,SIGNAL_REVERSAL,22,19,-0.0169,1.562506
WIN,2025-12-01T11:52:19.574895+00:00,2025-11-26T14:29:59.999000+00:00,BTCUSDT,LONG,86954.55000000,87261.10000000,100.00,0.00115003,1,0.3525,0.3305,0.022071,SIGNAL_REVERSAL,23,19,0.3135,1.586577
LOSS,2025-12-01T11:52:19.604696+00:00,2025-11-26T15:59:59.999000+00:00,BTCUSDT,LONG,87036.22007529,86926.20000000,370.00,0.00425110,4,-0.4677,-0.5490,0.081306,SIGNAL_REVERSAL,23,20,-0.2355,1.675283
LOSS,2025-12-01T11:52:19.681134+00:00,2025-11-26T16:29:59.999000+00:00,BTCUSDT,SHORT,87283.78246393,87538.10000000,270.00,0.00309336,3,-0.7867,-0.8463,0.059557,SIGNAL_REVERSAL,23,21,-1.0817,1.740241
WIN,2025-12-01T11:52:19.758322+00:00,2025-11-26T18:14:59.999000+00:00,BTCUSDT,LONG,88965.81575531,90001.00000000,270.00,0.00303487,3,3.1417,3.0816,0.060028,SIGNAL_REVERSAL,24,21,1.9999,1.805669
WIN,2025-12-01T11:52:19.806003+00:00,2025-11-26T19:29:59.999000+00:00,BTCUSDT,LONG,89727.73571429,89749.90000000,100.00,0.00111448,1,0.0247,0.0027,0.022005,SIGNAL_REVERSAL,25,21,2.0026,1.829674
LOSS,2025-12-01T11:52:19.832820+00:00,2025-11-26T21:44:59.999000+00:00,BTCUSDT,SHORT,90087.19955298,90186.50000000,200.00,0.00222007,2,-0.2205,-0.2645,0.044044,SIGNAL_REVERSAL,25,22,1.7381,1.877718
LOSS,2025-12-01T11:52:19.901936+00:00,2025-11-27T00:29:59.999000+00:00,BTCUSDT,LONG,90220.90842782,90157.70000000,190.00,0.00210594,2,-0.1331,-0.1749,0.041773,SIGNAL_REVERSAL,25,23,1.5632,1.923291
LOSS,2025-12-01T11:52:19.950281+00:00,2025-11-27T00:59:59.999000+00:00,BTCUSDT,SHORT,90303.28214286,90426.60000000,100.00,0.00110738,1,-0.1366,-0.1586,0.022027,SIGNAL_REVERSAL,25,24,1.4046,1.947319
WIN,2025-12-01T11:52:20.028099+00:00,2025-11-27T02:44:59.999000+00:00,BTCUSDT,LONG,90839.46428571,91756.00000000,100.00,0.00110084,1,1.0090,0.9868,0.022202,SIGNAL_REVERSAL,26,24,2.3914,1.971521
LOSS,2025-12-01T11:52:20.055518+00:00,2025-11-27T03:44:59.999000+00:00,BTCUSDT,LONG,91446.70948721,91115.80000000,270.00,0.00295254,3,-0.9770,-1.0362,0.059205,SIGNAL_REVERSAL,26,25,1.3551,2.036125
LOSS,2025-12-01T11:52:20.105279+00:00,2025-11-27T05:29:59.999000+00:00,BTCUSDT,SHORT,91293.30000000,91447.30000000,100.00,0.00109537,1,-0.1687,-0.1907,0.022034,SIGNAL_REVERSAL,26,26,1.1644,2.060159
LOSS,2025-12-01T11:52:20.140312+00:00,2025-11-27T05:59:59.999000+00:00,BTCUSDT,LONG,91145.74932200,90932.00000000,270.00,0.00296229,3,-0.6332,-0.6925,0.059273,SIGNAL_REVERSAL,26,27,0.4720,2.124832
LOSS,2025-12-01T11:52:20.195085+00:00,2025-11-27T06:29:59.999000+00:00,BTCUSDT,SHORT,91086.79642857,91336.50000000,100.00,0.00109785,1,-0.2741,-0.2962,0.022055,SIGNAL_REVERSAL,26,28,0.1758,2.148887
WIN,2025-12-01T11:52:20.225395+00:00,2025-11-27T07:44:59.999000+00:00,BTCUSDT,LONG,91201.71785714,91322.70000000,100.00,0.00109647,1,0.1327,0.1106,0.022027,SIGNAL_REVERSAL,27,28,0.2864,2.172914
WIN,2025-12-01T11:52:20.250013+00:00,2025-11-27T09:14:59.999000+00:00,BTCUSDT,LONG,91204.11071429,91463.30000000,100.00,0.00109644,1,0.2842,0.2621,0.022057,SIGNAL_REVERSAL,28,28,0.5485,2.196970
LOSS,2025-12-01T11:52:20.301324+00:00,2025-11-27T11:29:59.999000+00:00,BTCUSDT,LONG,91503.82992411,91324.30000000,360.00,0.00393426,4,-0.7063,-0.7854,0.079059,SIGNAL_REVERSAL,28,29,-0.2369,2.283229
WIN,2025-12-01T11:52:20.363183+00:00,2025-11-27T12:44:59.999000+00:00,BTCUSDT,SHORT,91427.23571429,91072.30000000,100.00,0.00109377,1,0.3882,0.3663,0.021922,SIGNAL_REVERSAL,29,29,0.1294,2.307152
WIN,2025-12-01T11:52:20.390698+00:00,2025-11-27T13:14:59.999000+00:00,BTCUSDT,SHORT,91232.86228717,90790.00000000,190.00,0.00208258,2,0.9223,0.8807,0.041616,SIGNAL_REVERSAL,30,29,1.0101,2.352567
LOSS,2025-12-01T11:52:20.427238+00:00,2025-11-27T16:29:59.999000+00:00,BTCUSDT,SHORT,90996.68504407,91148.20000000,270.00,0.00296714,3,-0.4496,-0.5091,0.059490,SIGNAL_REVERSAL,30,30,0.5011,2.417457
LOSS,2025-12-01T11:52:20.503114+00:00,2025-11-27T19:29:59.999000+00:00,BTCUSDT,LONG,91616.91071429,91569.00000000,100.00,0.00109150,1,-0.0523,-0.0743,0.021990,SIGNAL_REVERSAL,30,31,0.4268,2.441447
WIN,2025-12-01T11:52:20.538132+00:00,2025-11-27T20:29:59.999000+00:00,BTCUSDT,SHORT,91693.60357143,91391.90000000,100.00,0.00109059,1,0.3290,0.3071,0.021934,SIGNAL_REVERSAL,31,31,0.7339,2.465381
LOSS,2025-12-01T11:52:20.572563+00:00,2025-11-27T21:44:59.999000+00:00,BTCUSDT,SHORT,91490.51428571,91496.70000000,100.00,0.00109301,1,-0.0068,-0.0288,0.022001,SIGNAL_REVERSAL,31,32,0.7051,2.489382
WIN,2025-12-01T11:52:20.608984+00:00,2025-11-27T22:14:59.999000+00:00,BTCUSDT,LONG,91402.87142857,91437.10000000,100.00,0.00109406,1,0.0374,0.0154,0.022007,SIGNAL_REVERSAL,32,32,0.7206,2.513390
WIN,2025-12-01T11:52:20.642147+00:00,2025-11-27T22:59:59.999000+00:00,BTCUSDT,SHORT,91521.15000000,91285.00000000,100.00,0.00109264,1,0.2580,0.2361,0.021948,SIGNAL_REVERSAL,33,32,0.9566,2.537338
WIN,2025-12-01T11:52:20.672100+00:00,2025-11-28T00:29:59.999000+00:00,BTCUSDT,SHORT,91422.69723769,91193.00000000,190.00,0.00207826,2,0.4774,0.4357,0.041705,SIGNAL_REVERSAL,34,32,1.3923,2.582843
WIN,2025-12-01T11:52:20.715777+00:00,2025-11-28T01:29:59.999000+00:00,BTCUSDT,SHORT,91293.76785714,90908.70000000,100.00,0.00109537,1,0.4218,0.3999,0.021916,SIGNAL_REVERSAL,35,32,1.7922,2.606758
LOSS,2025-12-01T11:52:20.739999+00:00,2025-11-28T03:14:59.999000+00:00,BTCUSDT,SHORT,91063.71728146,91053.20000000,200.00,0.00219626,2,0.0231,-0.0209,0.043995,SIGNAL_REVERSAL,35,33,1.7713,2.654754
LOSS,2025-12-01T11:52:20.822144+00:00,2025-11-28T06:29:59.999000+00:00,BTCUSDT,LONG,91426.06071429,91267.10000000,100.00,0.00109378,1,-0.1739,-0.1958,0.021965,SIGNAL_REVERSAL,35,34,1.5755,2.678719
WIN,2025-12-01T11:52:20.846510+00:00,2025-11-28T07:59:59.999000+00:00,BTCUSDT,SHORT,91433.89282434,90870.20000000,270.00,0.00295295,3,1.6646,1.6055,0.059067,SIGNAL_REVERSAL,36,34,3.1809,2.743186
LOSS,2025-12-01T11:52:20.900062+00:00,2025-11-28T08:29:59.999000+00:00,BTCUSDT,SHORT,91057.57884374,91105.70000000,270.00,0.00296516,3,-0.1427,-0.2021,0.059429,SIGNAL_REVERSAL,36,35,2.9788,2.808014
WIN,2025-12-01T11:52:20.954414+00:00,2025-11-28T09:14:59.999000+00:00,BTCUSDT,LONG,90998.27142857,91626.80000000,100.00,0.00109892,1,0.6907,0.6686,0.022138,SIGNAL_REVERSAL,37,35,3.6474,2.832153
LOSS,2025-12-01T11:52:20.985112+00:00,2025-11-28T11:29:59.999000+00:00,BTCUSDT,LONG,91430.59379054,91230.90000000,190.00,0.00207808,2,-0.4150,-0.4567,0.041717,SIGNAL_REVERSAL,37,36,3.1907,2.877670
LOSS,2025-12-01T11:52:21.020512+00:00,2025-11-28T12:14:59.999000+00:00,BTCUSDT,SHORT,91375.27500000,91467.80000000,100.00,0.00109439,1,-0.1013,-0.1233,0.022020,SIGNAL_REVERSAL,37,37,3.0674,2.901690
WIN,2025-12-01T11:52:21.051882+00:00,2025-11-28T13:59:59.999000+00:00,BTCUSDT,LONG,91330.60000000,92329.20000000,100.00,0.00109492,1,1.0934,1.0712,0.022219,SIGNAL_REVERSAL,38,37,4.1386,2.925908
WIN,2025-12-01T11:52:21.081987+00:00,2025-11-28T14:59:59.999000+00:00,BTCUSDT,LONG,92029.92351120,92202.10000000,270.00,0.00293383,3,0.5051,0.4456,0.059501,SIGNAL_REVERSAL,39,37,4.5842,2.990809
LOSS,2025-12-01T11:52:21.131424+00:00,2025-11-28T15:44:59.999000+00:00,BTCUSDT,SHORT,92494.44123389,92479.60000000,190.00,0.00205418,2,0.0305,-0.0113,0.041794,SIGNAL_REVERSAL,39,38,4.5729,3.036403
LOSS,2025-12-01T11:52:21.173280+00:00,2025-11-28T16:14:59.999000+00:00,BTCUSDT,LONG,92257.66071429,91839.40000000,100.00,0.00108392,1,-0.4534,-0.4753,0.021909,SIGNAL_REVERSAL,39,39,4.0976,3.060313
WIN,2025-12-01T11:52:21.203418+00:00,2025-11-28T16:44:59.999000+00:00,BTCUSDT,SHORT,92185.56120013,91519.40000000,190.00,0.00206106,2,1.3730,1.3315,0.041525,SIGNAL_REVERSAL,40,39,5.4291,3.105638
LOSS,2025-12-01T11:52:21.253045+00:00,2025-11-28T18:44:59.999000+00:00,BTCUSDT,SHORT,90731.35000000,90773.20000000,100.00,0.00110215,1,-0.0461,-0.0681,0.022009,SIGNAL_REVERSAL,40,40,5.3610,3.129647
LOSS,2025-12-01T11:52:21.297501+00:00,2025-11-28T22:14:59.999000+00:00,BTCUSDT,LONG,90817.16785714,90768.10000000,100.00,0.00110111,1,-0.0540,-0.0760,0.021989,SIGNAL_REVERSAL,40,41,5.2850,3.153637
LOSS,2025-12-01T11:52:21.333511+00:00,2025-11-28T22:59:59.999000+00:00,BTCUSDT,SHORT,90875.25357143,91073.50000000,100.00,0.00110041,1,-0.2182,-0.2402,0.022044,SIGNAL_REVERSAL,40,42,5.0448,3.177680
LOSS,2025-12-01T11:52:21.363286+00:00,2025-11-28T23:59:59.999000+00:00,BTCUSDT,LONG,90924.25609789,90847.80000000,190.00,0.00208965,2,-0.1598,-0.2015,0.041768,SIGNAL_REVERSAL,40,43,4.8432,3.223248
LOSS,2025-12-01T11:52:21.403367+00:00,2025-11-29T01:29:59.999000+00:00,BTCUSDT,SHORT,90937.71071429,90920.70000000,100.00,0.00109965,1,0.0187,-0.0033,0.021996,SIGNAL_REVERSAL,40,44,4.8399,3.247244
WIN,2025-12-01T11:52:21.428159+00:00,2025-11-29T01:59:59.999000+00:00,BTCUSDT,LONG,90797.91778717,90839.20000000,190.00,0.00209256,2,0.0864,0.0446,0.041817,SIGNAL_REVERSAL,41,44,4.8845,3.292862
WIN,2025-12-01T11:52:21.489180+00:00,2025-11-29T03:44:59.999000+00:00,BTCUSDT,SHORT,90828.23214286,90644.40000000,100.00,0.00110098,1,0.2024,0.1804,0.021960,SIGNAL_REVERSAL,42,44,5.0650,3.316821
LOSS,2025-12-01T11:52:21.519297+00:00,2025-11-29T04:59:59.999000+00:00,BTCUSDT,SHORT,90720.82142857,90859.60000000,100.00,0.00110228,1,-0.1530,-0.1750,0.022031,SIGNAL_REVERSAL,42,45,4.8899,3.340852
WIN,2025-12-01T11:52:21.545558+00:00,2025-11-29T06:14:59.999000+00:00,BTCUSDT,LONG,90760.74027280,90784.10000000,190.00,0.00209342,2,0.0489,0.0071,0.041810,SIGNAL_REVERSAL,43,45,4.8970,3.386462
LOSS,2025-12-01T11:52:21.602754+00:00,2025-11-29T08:29:59.999000+00:00,BTCUSDT,SHORT,90588.11740246,90574.30000000,200.00,0.00220780,2,0.0305,-0.0135,0.043994,SIGNAL_REVERSAL,43,46,4.8836,3.434456
WIN,2025-12-01T11:52:21.651518+00:00,2025-11-29T09:44:59.999000+00:00,BTCUSDT,LONG,90484.33214286,90540.50000000,100.00,0.00110516,1,0.0621,0.0401,0.022012,SIGNAL_REVERSAL,44,46,4.9236,3.458468
WIN,2025-12-01T11:52:21.683877+00:00,2025-11-29T12:14:59.999000+00:00,BTCUSDT,SHORT,90629.91428571,90608.50000000,100.00,0.00110339,1,0.0236,0.0016,0.021995,SIGNAL_REVERSAL,45,46,4.9252,3.482463
WIN,2025-12-01T11:52:21.716684+00:00,2025-11-29T12:44:59.999000+00:00,BTCUSDT,LONG,90545.73571429,90582.50000000,100.00,0.00110441,1,0.0406,0.0186,0.022008,SIGNAL_REVERSAL,46,46,4.9438,3.506471
LOSS,2025-12-01T11:52:21.749156+00:00,2025-11-29T13:44:59.999000+00:00,BTCUSDT,SHORT,90673.69473217,90697.70000000,190.00,0.00209543,2,-0.0503,-0.0921,0.041810,SIGNAL_REVERSAL,46,47,4.8517,3.552081
LOSS,2025-12-01T11:52:21.787513+00:00,2025-11-29T14:44:59.999000+00:00,BTCUSDT,LONG,90630.64285714,90626.60000000,100.00,0.00110338,1,-0.0045,-0.0265,0.021999,SIGNAL_REVERSAL,46,48,4.8253,3.576081
LOSS,2025-12-01T11:52:21.821485+00:00,2025-11-29T15:29:59.999000+00:00,BTCUSDT,SHORT,90685.55714286,90835.10000000,100.00,0.00110271,1,-0.1649,-0.1869,0.022033,SIGNAL_REVERSAL,46,49,4.6383,3.600113
WIN,2025-12-01T11:52:21.855475+00:00,2025-11-29T16:14:59.999000+00:00,BTCUSDT,LONG,90767.90000000,90964.20000000,100.00,0.00110171,1,0.2163,0.1942,0.022043,SIGNAL_REVERSAL,47,49,4.8326,3.624157
LOSS,2025-12-01T11:52:21.885888+00:00,2025-11-29T17:29:59.999000+00:00,BTCUSDT,LONG,90800.09161411,90670.10000000,460.00,0.00506607,5,-0.6585,-0.7596,0.101068,SIGNAL_REVERSAL,47,50,4.0729,3.734425
LOSS,2025-12-01T11:52:21.996904+00:00,2025-11-29T18:59:59.999000+00:00,BTCUSDT,SHORT,90485.47415077,90652.90000000,190.00,0.00209978,2,-0.3516,-0.3934,0.041870,SIGNAL_REVERSAL,47,51,3.6795,3.780095
WIN,2025-12-01T11:52:22.036364+00:00,2025-11-29T19:59:59.999000+00:00,BTCUSDT,LONG,90533.98928571,90602.90000000,100.00,0.00110456,1,0.0761,0.0541,0.022015,SIGNAL_REVERSAL,48,51,3.7336,3.804111
LOSS,2025-12-01T11:52:22.062398+00:00,2025-11-29T20:59:59.999000+00:00,BTCUSDT,SHORT,90717.85357143,90921.70000000,100.00,0.00110232,1,-0.2247,-0.2467,0.022045,SIGNAL_REVERSAL,48,52,3.4869,3.828156
LOSS,2025-12-01T11:52:22.094084+00:00,2025-11-29T22:29:59.999000+00:00,BTCUSDT,LONG,90799.31785714,90694.00000000,100.00,0.00110133,1,-0.1160,-0.1380,0.021977,SIGNAL_REVERSAL,48,53,3.3489,3.852132
WIN,2025-12-01T11:52:22.121565+00:00,2025-11-29T23:44:59.999000+00:00,BTCUSDT,SHORT,90833.00715107,90812.80000000,190.00,0.00209175,2,0.0423,0.0005,0.041792,SIGNAL_REVERSAL,49,53,3.3494,3.897724
WIN,2025-12-01T11:52:22.169638+00:00,2025-11-30T01:14:59.999000+00:00,BTCUSDT,LONG,90721.71428571,90966.20000000,100.00,0.00110227,1,0.2695,0.2474,0.022054,SIGNAL_REVERSAL,50,53,3.5968,3.921778
LOSS,2025-12-01T11:52:22.206256+00:00,2025-11-30T02:59:59.999000+00:00,BTCUSDT,LONG,90859.90678123,90745.20000000,190.00,0.00209113,2,-0.2399,-0.2816,0.041752,SIGNAL_REVERSAL,50,54,3.3152,3.967330
WIN,2025-12-01T11:52:22.249502+00:00,2025-11-30T03:29:59.999000+00:00,BTCUSDT,SHORT,90802.83571429,90647.80000000,100.00,0.00110129,1,0.1707,0.1488,0.021966,SIGNAL_REVERSAL,51,54,3.4640,3.991296
LOSS,2025-12-01T11:52:22.277042+00:00,2025-11-30T03:59:59.999000+00:00,BTCUSDT,SHORT,90780.00799165,90873.00000000,270.00,0.00297422,3,-0.2766,-0.3360,0.059455,SIGNAL_REVERSAL,51,55,3.1279,4.056151
LOSS,2025-12-01T11:52:22.337213+00:00,2025-11-30T04:59:59.999000+00:00,BTCUSDT,LONG,90803.05357143,90808.20000000,100.00,0.00110128,1,0.0057,-0.0163,0.022001,SIGNAL_REVERSAL,51,56,3.1116,4.080152
WIN,2025-12-01T11:52:22.395921+00:00,2025-11-30T08:14:59.999000+00:00,BTCUSDT,LONG,90819.96428571,90944.20000000,100.00,0.00110108,1,0.1368,0.1148,0.022027,SIGNAL_REVERSAL,52,56,3.2264,4.104179
WIN,2025-12-01T11:52:22.420051+00:00,2025-11-30T08:59:59.999000+00:00,BTCUSDT,LONG,90890.64642857,91132.50000000,100.00,0.00110022,1,0.2661,0.2440,0.022053,SIGNAL_REVERSAL,53,56,3.4704,4.128233
LOSS,2025-12-01T11:52:22.461552+00:00,2025-11-30T10:59:59.999000+00:00,BTCUSDT,LONG,91230.46004530,91185.40000000,290.00,0.00317876,3,-0.1432,-0.2070,0.063771,SIGNAL_REVERSAL,53,57,3.2634,4.197804
WIN,2025-12-01T11:52:22.516857+00:00,2025-11-30T11:59:59.999000+00:00,BTCUSDT,SHORT,91294.75000000,91000.90000000,100.00,0.00109535,1,0.3219,0.2999,0.021936,SIGNAL_REVERSAL,54,57,3.5633,4.221740
LOSS,2025-12-01T11:52:22.546989+00:00,2025-11-30T12:29:59.999000+00:00,BTCUSDT,SHORT,91155.79609081,91218.50000000,190.00,0.00208434,2,-0.1307,-0.1725,0.041826,SIGNAL_REVERSAL,54,58,3.3908,4.267366
LOSS,2025-12-01T11:52:22.620304+00:00,2025-11-30T14:44:59.999000+00:00,BTCUSDT,LONG,91501.05642469,91327.20000000,190.00,0.00207648,2,-0.3610,-0.4027,0.041728,SIGNAL_REVERSAL,54,59,2.9881,4.312894
LOSS,2025-12-01T11:52:22.666338+00:00,2025-11-30T16:44:59.999000+00:00,BTCUSDT,SHORT,91537.01950176,91668.70000000,270.00,0.00294963,3,-0.3884,-0.4479,0.059478,SIGNAL_REVERSAL,54,60,2.5402,4.377771
LOSS,2025-12-01T11:52:22.710249+00:00,2025-11-30T17:29:59.999000+00:00,BTCUSDT,LONG,91458.58491263,91346.70000000,270.00,0.00295216,3,-0.3303,-0.3896,0.059334,SIGNAL_REVERSAL,54,61,2.1505,4.442505
WIN,2025-12-01T11:52:22.762995+00:00,2025-11-30T18:29:59.999000+00:00,BTCUSDT,SHORT,91452.77142857,91344.50000000,100.00,0.00109346,1,0.1184,0.0964,0.021976,SIGNAL_REVERSAL,55,61,2.2470,4.466482
LOSS,2025-12-01T11:52:22.803482+00:00,2025-11-30T20:44:59.999000+00:00,BTCUSDT,LONG,91320.10000000,91238.40000000,100.00,0.00109505,1,-0.0895,-0.1114,0.021982,SIGNAL_REVERSAL,55,62,2.1355,4.490464
WIN,2025-12-01T11:52:22.831887+00:00,2025-11-30T21:29:59.999000+00:00,BTCUSDT,SHORT,91322.76071429,91031.40000000,100.00,0.00109502,1,0.3190,0.2971,0.021936,SIGNAL_REVERSAL,56,62,2.4326,4.514400
WIN,2025-12-01T11:52:22.860021+00:00,2025-11-30T23:29:59.999000+00:00,BTCUSDT,SHORT,91179.39346900,90615.60000000,190.00,0.00208380,2,1.1748,1.1333,0.041565,SIGNAL_REVERSAL,57,62,3.5659,4.559765
WIN,2025-12-01T11:52:22.901870+00:00,2025-12-01T00:14:59.999000+00:00,BTCUSDT,SHORT,90788.76733282,88887.70000000,190.00,0.00209277,2,3.9785,3.9375,0.041004,SIGNAL_REVERSAL,58,62,7.5034,4.604569
WIN,2025-12-01T11:52:22.932968+00:00,2025-12-01T00:44:59.999000+00:00,BTCUSDT,SHORT,89221.35035691,87712.40000000,270.00,0.00302618,3,4.5664,4.5079,0.058487,SIGNAL_REVERSAL,59,62,12.0113,4.668456
WIN,2025-12-01T11:52:22.967274+00:00,2025-12-01T01:44:59.999000+00:00,BTCUSDT,SHORT,88116.60290140,87392.60000000,270.00,0.00306412,3,2.2184,2.1595,0.058956,SIGNAL_REVERSAL,60,62,14.1707,4.732812
WIN,2025-12-01T11:52:23.019047+00:00,2025-12-01T03:44:59.999000+00:00,BTCUSDT,SHORT,87082.87500000,86419.30000000,100.00,0.00114833,1,0.7620,0.7402,0.021848,SIGNAL_REVERSAL,61,62,14.9109,4.756660
LOSS,2025-12-01T11:52:23.060070+00:00,2025-12-01T06:14:59.999000+00:00,BTCUSDT,SHORT,85920.53571429,86232.00000000,100.00,0.00116387,1,-0.3625,-0.3846,0.022073,SIGNAL_REVERSAL,61,63,14.5263,4.780732
WIN,2025-12-01T11:52:23.082821+00:00,2025-12-01T07:59:59.999000+00:00,BTCUSDT,LONG,86069.46428571,86487.60000000,100.00,0.00116185,1,0.4858,0.4637,0.022097,SIGNAL_REVERSAL,62,63,14.9900,4.804829
WIN,2025-12-01T11:52:23.107364+00:00,2025-12-01T08:59:59.999000+00:00,BTCUSDT,LONG,86350.81785714,86811.00000000,100.00,0.00115807,1,0.5329,0.5108,0.022107,SIGNAL_REVERSAL,63,63,15.5008,4.828936
LOSS,2025-12-01T11:52:23.140125+00:00,2025-12-01T10:29:59.999000+00:00,BTCUSDT,LONG,86569.00788536,86544.60000000,290.00,0.00334993,3,-0.0818,-0.1455,0.063784,SIGNAL_REVERSAL,63,64,15.3553,4.898520
LOSS,2025-12-01T11:53:41.165312+00:00,2025-11-24T14:29:59.999000+00:00,ETHUSDT,LONG,2809.16976998,2796.69000000,190.00,0.06763564,2,-0.8441,-0.8857,0.041631,SIGNAL_REVERSAL,0,1,-0.8857,0.045431
LOSS,2025-12-01T11:53:41.200108+00:00,2025-11-24T15:14:59.999000+00:00,ETHUSDT,SHORT,2815.25098162,2832.16000000,440.00,0.15629157,5,-2.6427,-2.7401,0.097329,SIGNAL_REVERSAL,0,2,-3.6258,0.151560
WIN,2025-12-01T11:53:41.270412+00:00,2025-11-24T15:59:59.999000+00:00,ETHUSDT,LONG,2816.78845080,2845.16000000,190.00,0.06745270,2,1.9137,1.8716,0.042183,SIGNAL_REVERSAL,1,2,-1.7542,0.197542
WIN,2025-12-01T11:53:41.326523+00:00,2025-11-24T18:14:59.999000+00:00,ETHUSDT,LONG,2906.90428571,2945.63000000,100.00,0.03440086,1,1.3322,1.3099,0.022266,SIGNAL_REVERSAL,2,2,-0.4443,0.221809
WIN,2025-12-01T11:53:41.348770+00:00,2025-11-24T19:14:59.999000+00:00,ETHUSDT,LONG,2932.27178571,2970.24000000,100.00,0.03410325,1,1.2948,1.2726,0.022259,SIGNAL_REVERSAL,3,2,0.8283,0.246068
LOSS,2025-12-01T11:53:41.378418+00:00,2025-11-24T19:59:59.999000+00:00,ETHUSDT,LONG,2958.72928571,2957.80000000,100.00,0.03379829,1,-0.0314,-0.0534,0.021994,SIGNAL_REVERSAL,3,3,0.7749,0.270062
LOSS,2025-12-01T11:53:41.400694+00:00,2025-11-24T20:29:59.999000+00:00,ETHUSDT,SHORT,2973.99617974,2977.09000000,190.00,0.06388710,2,-0.1977,-0.2395,0.041840,SIGNAL_REVERSAL,3,4,0.5354,0.315701
LOSS,2025-12-01T11:53:41.442905+00:00,2025-11-24T21:29:59.999000+00:00,ETHUSDT,LONG,2965.62750000,2964.70000000,100.00,0.03371968,1,-0.0313,-0.0533,0.021994,SIGNAL_REVERSAL,3,5,0.4821,0.339695
WIN,2025-12-01T11:53:41.475654+00:00,2025-11-25T00:14:59.999000+00:00,ETHUSDT,SHORT,2973.25357143,2938.49000000,100.00,0.03363319,1,1.1692,1.1474,0.021766,SIGNAL_REVERSAL,4,5,1.6296,0.363461
WIN,2025-12-01T11:53:41.507066+00:00,2025-11-25T01:59:59.999000+00:00,ETHUSDT,SHORT,2948.06853040,2917.98000000,190.00,0.06444898,2,1.9392,1.8978,0.041412,SIGNAL_REVERSAL,5,5,3.5273,0.408673
LOSS,2025-12-01T11:53:41.542241+00:00,2025-11-25T02:59:59.999000+00:00,ETHUSDT,SHORT,2929.74379224,2929.75000000,270.00,0.09215823,3,-0.0006,-0.0600,0.059400,SIGNAL_REVERSAL,5,6,3.4674,0.473473
LOSS,2025-12-01T11:53:41.578853+00:00,2025-11-25T03:59:59.999000+00:00,ETHUSDT,LONG,2916.62255071,2910.29000000,270.00,0.09257283,3,-0.5862,-0.6455,0.059283,SIGNAL_REVERSAL,5,7,2.8219,0.538156
LOSS,2025-12-01T11:53:41.623537+00:00,2025-11-25T04:29:59.999000+00:00,ETHUSDT,SHORT,2917.39607143,2926.61000000,100.00,0.03427714,1,-0.3158,-0.3379,0.022063,SIGNAL_REVERSAL,5,8,2.4840,0.562219
WIN,2025-12-01T11:53:41.653697+00:00,2025-11-25T04:59:59.999000+00:00,ETHUSDT,LONG,2919.64178571,2936.06000000,100.00,0.03425078,1,0.5623,0.5402,0.022112,SIGNAL_REVERSAL,6,8,3.0242,0.586332
LOSS,2025-12-01T11:53:41.676986+00:00,2025-11-25T06:14:59.999000+00:00,ETHUSDT,LONG,2924.01587587,2922.24000000,290.00,0.09917867,3,-0.1761,-0.2399,0.063765,SIGNAL_REVERSAL,6,9,2.7843,0.655896
WIN,2025-12-01T11:53:41.746082+00:00,2025-11-25T08:59:59.999000+00:00,ETHUSDT,SHORT,2909.83782155,2870.19000000,190.00,0.06529574,2,2.5888,2.5476,0.041282,SIGNAL_REVERSAL,7,9,5.3318,0.700979
LOSS,2025-12-01T11:53:41.773334+00:00,2025-11-25T09:59:59.999000+00:00,ETHUSDT,SHORT,2881.82177978,2890.35000000,270.00,0.09369073,3,-0.7990,-0.8586,0.059560,SIGNAL_REVERSAL,7,10,4.4733,0.765939
WIN,2025-12-01T11:53:41.811048+00:00,2025-11-25T10:59:59.999000+00:00,ETHUSDT,LONG,2883.94607143,2896.69000000,100.00,0.03467471,1,0.4419,0.4198,0.022088,SIGNAL_REVERSAL,8,10,4.8931,0.790027
WIN,2025-12-01T11:53:41.834411+00:00,2025-11-25T12:29:59.999000+00:00,ETHUSDT,LONG,2890.46000000,2919.53000000,100.00,0.03459657,1,1.0057,0.9835,0.022201,SIGNAL_REVERSAL,9,10,5.8766,0.814228
LOSS,2025-12-01T11:53:41.864295+00:00,2025-11-25T13:59:59.999000+00:00,ETHUSDT,LONG,2909.97429487,2906.07000000,190.00,0.06529267,2,-0.2549,-0.2967,0.041749,SIGNAL_REVERSAL,9,11,5.5799,0.859777
WIN,2025-12-01T11:53:41.901604+00:00,2025-11-25T14:59:59.999000+00:00,ETHUSDT,SHORT,2917.09153194,2879.41000000,190.00,0.06513337,2,2.4543,2.4130,0.041309,SIGNAL_REVERSAL,10,11,7.9929,0.904886
WIN,2025-12-01T11:53:41.944237+00:00,2025-11-25T15:59:59.999000+00:00,ETHUSDT,SHORT,2897.56492345,2894.18000000,270.00,0.09318169,3,0.3154,0.2561,0.059337,SIGNAL_REVERSAL,11,11,8.2490,0.969623
WIN,2025-12-01T11:53:42.059580+00:00,2025-11-25T19:29:59.999000+00:00,ETHUSDT,SHORT,2933.67000000,2883.62000000,100.00,0.03408700,1,1.7061,1.6844,0.021659,SIGNAL_REVERSAL,12,11,9.9334,0.993282
LOSS,2025-12-01T11:53:42.086613+00:00,2025-11-25T20:14:59.999000+00:00,ETHUSDT,SHORT,2905.32784873,2931.66000000,270.00,0.09293271,3,-2.4471,-2.5070,0.059889,SIGNAL_REVERSAL,12,12,7.4264,1.058571
WIN,2025-12-01T11:53:42.147325+00:00,2025-11-25T21:44:59.999000+00:00,ETHUSDT,LONG,2920.69000000,2938.32000000,100.00,0.03423848,1,0.6036,0.5815,0.022121,SIGNAL_REVERSAL,13,12,8.0079,1.082692
LOSS,2025-12-01T11:53:42.191138+00:00,2025-11-25T22:59:59.999000+00:00,ETHUSDT,SHORT,2934.05322181,2968.75000000,360.00,0.12269716,4,-4.2572,-4.3372,0.080051,SIGNAL_REVERSAL,13,13,3.6707,1.169943
LOSS,2025-12-01T11:53:42.253434+00:00,2025-11-26T00:59:59.999000+00:00,ETHUSDT,LONG,2954.39041659,2953.08000000,190.00,0.06431107,2,-0.0843,-0.1261,0.041783,SIGNAL_REVERSAL,13,14,3.5446,1.215527
LOSS,2025-12-01T11:53:42.304058+00:00,2025-11-26T02:59:59.999000+00:00,ETHUSDT,LONG,2962.06753027,2955.41000000,190.00,0.06414438,2,-0.4270,-0.4688,0.041715,SIGNAL_REVERSAL,13,15,3.0758,1.261041
WIN,2025-12-01T11:53:42.337360+00:00,2025-11-26T03:59:59.999000+00:00,ETHUSDT,SHORT,2962.04571429,2925.54000000,100.00,0.03376045,1,1.2324,1.2107,0.021754,SIGNAL_REVERSAL,14,15,4.2865,1.284795
LOSS,2025-12-01T11:53:42.363558+00:00,2025-11-26T05:29:59.999000+00:00,ETHUSDT,SHORT,2932.24107143,2939.62000000,100.00,0.03410361,1,-0.2516,-0.2737,0.022050,SIGNAL_REVERSAL,14,16,4.0128,1.308845
LOSS,2025-12-01T11:53:42.387630+00:00,2025-11-26T08:29:59.999000+00:00,ETHUSDT,LONG,2932.64232987,2923.32000000,200.00,0.06819788,2,-0.6358,-0.6796,0.043873,SIGNAL_REVERSAL,14,17,3.3332,1.356718
WIN,2025-12-01T11:53:42.424923+00:00,2025-11-26T08:59:59.999000+00:00,ETHUSDT,SHORT,2929.41035714,2911.83000000,100.00,0.03413656,1,0.6001,0.5783,0.021880,SIGNAL_REVERSAL,15,17,3.9115,1.380598
WIN,2025-12-01T11:53:42.449803+00:00,2025-11-26T09:59:59.999000+00:00,ETHUSDT,SHORT,2917.80892857,2905.84000000,100.00,0.03427229,1,0.4102,0.3883,0.021918,SIGNAL_REVERSAL,16,17,4.2997,1.404516
LOSS,2025-12-01T11:53:42.474245+00:00,2025-11-26T10:59:59.999000+00:00,ETHUSDT,SHORT,2911.46464286,2912.73000000,100.00,0.03434697,1,-0.0435,-0.0655,0.022009,SIGNAL_REVERSAL,16,18,4.2343,1.428525
LOSS,2025-12-01T11:53:42.504220+00:00,2025-11-26T12:29:59.999000+00:00,ETHUSDT,LONG,2902.13464661,2899.24000000,270.00,0.09303497,3,-0.2693,-0.3286,0.059346,SIGNAL_REVERSAL,16,19,3.9056,1.493271
LOSS,2025-12-01T11:53:42.556139+00:00,2025-11-26T13:44:59.999000+00:00,ETHUSDT,SHORT,2906.87629853,2922.17000000,290.00,0.09976345,3,-1.5258,-1.5899,0.064105,SIGNAL_REVERSAL,16,20,2.3158,1.563176
WIN,2025-12-01T11:53:42.613655+00:00,2025-11-26T16:29:59.999000+00:00,ETHUSDT,LONG,2911.15246993,2942.88000000,270.00,0.09274677,3,2.9426,2.8826,0.059989,SIGNAL_REVERSAL,17,20,5.1984,1.628564
WIN,2025-12-01T11:53:42.681770+00:00,2025-11-26T18:14:59.999000+00:00,ETHUSDT,LONG,2989.98839322,3037.29000000,270.00,0.09030135,3,4.2714,4.2111,0.060254,SIGNAL_REVERSAL,18,20,9.4096,1.694219
WIN,2025-12-01T11:53:42.719246+00:00,2025-11-26T19:29:59.999000+00:00,ETHUSDT,LONG,3019.30139534,3024.79000000,190.00,0.06292846,2,0.3454,0.3035,0.041869,SIGNAL_REVERSAL,19,20,9.7131,1.739888
WIN,2025-12-01T11:53:42.755860+00:00,2025-11-26T20:29:59.999000+00:00,ETHUSDT,SHORT,3035.67607143,3019.93000000,100.00,0.03294159,1,0.5187,0.4968,0.021896,SIGNAL_REVERSAL,20,20,10.2099,1.763784
WIN,2025-12-01T11:53:42.786367+00:00,2025-11-26T21:44:59.999000+00:00,ETHUSDT,SHORT,3030.25678571,3024.62000000,100.00,0.03300050,1,0.1860,0.1641,0.021963,SIGNAL_REVERSAL,21,20,10.3739,1.787747
WIN,2025-12-01T11:53:42.818565+00:00,2025-11-26T23:44:59.999000+00:00,ETHUSDT,LONG,3016.81357143,3019.78000000,100.00,0.03314756,1,0.0983,0.0763,0.022020,SIGNAL_REVERSAL,22,20,10.4502,1.811766
WIN,2025-12-01T11:53:42.847763+00:00,2025-11-27T00:29:59.999000+00:00,ETHUSDT,SHORT,3025.87642857,3015.01000000,100.00,0.03304828,1,0.3591,0.3372,0.021928,SIGNAL_REVERSAL,23,20,10.7874,1.835695
LOSS,2025-12-01T11:53:42.878313+00:00,2025-11-27T00:59:59.999000+00:00,ETHUSDT,SHORT,3021.03321429,3033.75000000,100.00,0.03310126,1,-0.4209,-0.4430,0.022084,SIGNAL_REVERSAL,23,21,10.3444,1.859779
WIN,2025-12-01T11:53:42.909133+00:00,2025-11-27T02:14:59.999000+00:00,ETHUSDT,LONG,3024.29239634,3046.00000000,190.00,0.06282461,2,1.3638,1.3217,0.042073,SIGNAL_REVERSAL,24,21,11.6661,1.905652
LOSS,2025-12-01T11:53:42.955085+00:00,2025-11-27T03:14:59.999000+00:00,ETHUSDT,LONG,3050.53734935,3041.39000000,270.00,0.08850900,3,-0.8096,-0.8689,0.059238,SIGNAL_REVERSAL,24,22,10.7972,1.970290
WIN,2025-12-01T11:53:43.002268+00:00,2025-11-27T03:59:59.999000+00:00,ETHUSDT,SHORT,3049.99500000,3032.32000000,100.00,0.03278694,1,0.5795,0.5576,0.021884,SIGNAL_REVERSAL,25,22,11.3549,1.994174
WIN,2025-12-01T11:53:43.032013+00:00,2025-11-27T04:59:59.999000+00:00,ETHUSDT,SHORT,3044.61114153,3040.15000000,190.00,0.06240534,2,0.2784,0.2367,0.041744,SIGNAL_REVERSAL,26,22,11.5915,2.039718
LOSS,2025-12-01T11:53:43.078420+00:00,2025-11-27T05:44:59.999000+00:00,ETHUSDT,LONG,3032.45535714,3022.20000000,100.00,0.03297658,1,-0.3382,-0.3601,0.021932,SIGNAL_REVERSAL,26,23,11.2314,2.063650
LOSS,2025-12-01T11:53:43.107611+00:00,2025-11-27T07:29:59.999000+00:00,ETHUSDT,SHORT,3029.57785714,3032.36000000,100.00,0.03300790,1,-0.0918,-0.1139,0.022018,SIGNAL_REVERSAL,26,24,11.1176,2.087669
LOSS,2025-12-01T11:53:43.129931+00:00,2025-11-27T08:29:59.999000+00:00,ETHUSDT,LONG,3024.05386732,3021.59000000,290.00,0.09589776,3,-0.2363,-0.3000,0.063753,SIGNAL_REVERSAL,26,25,10.8175,2.157222
LOSS,2025-12-01T11:53:43.186643+00:00,2025-11-27T09:44:59.999000+00:00,ETHUSDT,SHORT,3029.71967387,3033.82000000,470.00,0.15512986,5,-0.6361,-0.7396,0.103527,SIGNAL_REVERSAL,26,26,10.0779,2.270149
LOSS,2025-12-01T11:53:43.263185+00:00,2025-11-27T12:14:59.999000+00:00,ETHUSDT,LONG,3025.48146231,3024.00000000,270.00,0.08924199,3,-0.1322,-0.1916,0.059374,SIGNAL_REVERSAL,26,27,9.8863,2.334922
WIN,2025-12-01T11:53:43.311039+00:00,2025-11-27T12:44:59.999000+00:00,ETHUSDT,SHORT,3027.99714286,3005.85000000,100.00,0.03302513,1,0.7314,0.7096,0.021854,SIGNAL_REVERSAL,27,27,10.5959,2.358776
WIN,2025-12-01T11:53:43.338123+00:00,2025-11-27T13:14:59.999000+00:00,ETHUSDT,SHORT,3012.61299323,2996.84000000,190.00,0.06306817,2,0.9948,0.9532,0.041601,SIGNAL_REVERSAL,28,27,11.5491,2.404177
LOSS,2025-12-01T11:53:43.367713+00:00,2025-11-27T15:59:59.999000+00:00,ETHUSDT,SHORT,3003.93491755,3009.68000000,190.00,0.06325037,2,-0.3634,-0.4053,0.041873,SIGNAL_REVERSAL,28,28,11.1438,2.449850
WIN,2025-12-01T11:53:43.394782+00:00,2025-11-27T16:29:59.999000+00:00,ETHUSDT,LONG,3003.39071429,3015.29000000,100.00,0.03329570,1,0.3962,0.3741,0.022079,SIGNAL_REVERSAL,29,28,11.5179,2.473929
WIN,2025-12-01T11:53:43.454543+00:00,2025-11-27T20:29:59.999000+00:00,ETHUSDT,LONG,3028.25299504,3035.84000000,190.00,0.06274245,2,0.4760,0.4341,0.041895,SIGNAL_REVERSAL,30,28,11.9521,2.519624
LOSS,2025-12-01T11:53:43.490052+00:00,2025-11-27T22:14:59.999000+00:00,ETHUSDT,LONG,3031.49785714,3029.60000000,100.00,0.03298699,1,-0.0626,-0.0846,0.021987,SIGNAL_REVERSAL,30,29,11.8675,2.543612
WIN,2025-12-01T11:53:43.531311+00:00,2025-11-28T01:29:59.999000+00:00,ETHUSDT,SHORT,3018.06543811,3000.17000000,280.00,0.09277466,3,1.6602,1.5990,0.061268,SIGNAL_REVERSAL,31,29,13.4664,2.610480
WIN,2025-12-01T11:53:43.581071+00:00,2025-11-28T03:44:59.999000+00:00,ETHUSDT,SHORT,3008.30993916,3005.81000000,290.00,0.09639964,3,0.2410,0.1772,0.063752,SIGNAL_REVERSAL,32,29,13.6437,2.680031
LOSS,2025-12-01T11:53:43.668943+00:00,2025-11-28T06:29:59.999000+00:00,ETHUSDT,LONG,3018.10142342,3010.00000000,200.00,0.06626683,2,-0.5369,-0.5807,0.043893,SIGNAL_REVERSAL,32,30,13.0629,2.727924
WIN,2025-12-01T11:53:43.708727+00:00,2025-11-28T07:59:59.999000+00:00,ETHUSDT,SHORT,3016.20379777,3000.14000000,190.00,0.06299309,2,1.0119,0.9703,0.041598,SIGNAL_REVERSAL,33,30,14.0332,2.773322
LOSS,2025-12-01T11:53:43.737391+00:00,2025-11-28T08:29:59.999000+00:00,ETHUSDT,SHORT,3009.27219834,3016.75000000,270.00,0.08972269,3,-0.6709,-0.7305,0.059534,SIGNAL_REVERSAL,33,31,13.3028,2.838256
LOSS,2025-12-01T11:53:43.796952+00:00,2025-11-28T11:29:59.999000+00:00,ETHUSDT,LONG,3049.78238464,3028.61000000,270.00,0.08853091,3,-1.8744,-1.9334,0.059025,SIGNAL_REVERSAL,33,32,11.3693,2.902681
WIN,2025-12-01T11:53:43.832630+00:00,2025-11-28T12:29:59.999000+00:00,ETHUSDT,SHORT,3038.62279711,3034.58000000,200.00,0.06581929,2,0.2661,0.2221,0.043947,SIGNAL_REVERSAL,34,32,11.5915,2.950628
WIN,2025-12-01T11:53:43.875180+00:00,2025-11-28T13:59:59.999000+00:00,ETHUSDT,LONG,3028.58892857,3072.56000000,100.00,0.03301868,1,1.4519,1.4296,0.022290,SIGNAL_REVERSAL,35,32,13.0211,2.974918
LOSS,2025-12-01T11:53:43.902601+00:00,2025-11-28T16:29:59.999000+00:00,ETHUSDT,LONG,3058.69039178,3027.86000000,270.00,0.08827307,3,-2.7215,-2.7803,0.058856,SIGNAL_REVERSAL,35,33,10.2407,3.039174
WIN,2025-12-01T11:53:43.942440+00:00,2025-11-28T17:29:59.999000+00:00,ETHUSDT,SHORT,3045.09773336,3016.15000000,190.00,0.06239537,2,1.8062,1.7648,0.041439,SIGNAL_REVERSAL,36,33,12.0055,3.084413
LOSS,2025-12-01T11:53:43.972857+00:00,2025-11-28T18:29:59.999000+00:00,ETHUSDT,SHORT,3036.29296783,3035.86000000,290.00,0.09551120,3,0.0414,-0.0224,0.063792,SIGNAL_REVERSAL,36,34,11.9830,3.154004
WIN,2025-12-01T11:53:44.042543+00:00,2025-11-28T20:44:59.999000+00:00,ETHUSDT,LONG,3039.09979155,3051.61000000,190.00,0.06251851,2,0.7821,0.7402,0.041956,SIGNAL_REVERSAL,37,34,12.7232,3.199761
LOSS,2025-12-01T11:53:44.081742+00:00,2025-11-28T21:59:59.999000+00:00,ETHUSDT,LONG,3044.78500000,3035.03000000,100.00,0.03284304,1,-0.3204,-0.3423,0.021936,SIGNAL_REVERSAL,37,35,12.3809,3.223697
WIN,2025-12-01T11:53:44.115055+00:00,2025-11-28T23:14:59.999000+00:00,ETHUSDT,SHORT,3043.15487692,3039.60000000,190.00,0.06243521,2,0.2219,0.1802,0.041756,SIGNAL_REVERSAL,38,35,12.5611,3.269252
LOSS,2025-12-01T11:53:44.144928+00:00,2025-11-28T23:59:59.999000+00:00,ETHUSDT,LONG,3034.17357143,3029.80000000,100.00,0.03295790,1,-0.1441,-0.1661,0.021971,SIGNAL_REVERSAL,38,36,12.3950,3.293223
WIN,2025-12-01T11:53:44.175666+00:00,2025-11-29T01:29:59.999000+00:00,ETHUSDT,SHORT,3038.69832704,3037.79000000,470.00,0.15467149,5,0.1405,0.0371,0.103372,SIGNAL_REVERSAL,39,36,12.4321,3.405995
LOSS,2025-12-01T11:53:44.248824+00:00,2025-11-29T02:44:59.999000+00:00,ETHUSDT,LONG,3032.93714286,3026.87000000,100.00,0.03297134,1,-0.2000,-0.2220,0.021960,SIGNAL_REVERSAL,39,37,12.2101,3.429955
WIN,2025-12-01T11:53:44.278046+00:00,2025-11-29T03:44:59.999000+00:00,ETHUSDT,SHORT,3031.05821429,3020.78000000,100.00,0.03299178,1,0.3391,0.3172,0.021932,SIGNAL_REVERSAL,40,37,12.5273,3.453888
LOSS,2025-12-01T11:53:44.299632+00:00,2025-11-29T04:44:59.999000+00:00,ETHUSDT,SHORT,3025.19500000,3030.00000000,100.00,0.03305572,1,-0.1588,-0.1809,0.022032,SIGNAL_REVERSAL,40,38,12.3464,3.477919
LOSS,2025-12-01T11:53:44.345631+00:00,2025-11-29T06:44:59.999000+00:00,ETHUSDT,LONG,3027.86544083,3005.41000000,370.00,0.12219830,4,-2.7440,-2.8249,0.080851,SIGNAL_REVERSAL,40,39,9.5215,3.566170
WIN,2025-12-01T11:53:44.411635+00:00,2025-11-29T07:59:59.999000+00:00,ETHUSDT,SHORT,3012.52333412,3003.23000000,190.00,0.06307005,2,0.5861,0.5444,0.041683,SIGNAL_REVERSAL,41,39,10.0660,3.611653
WIN,2025-12-01T11:53:44.439609+00:00,2025-11-29T09:44:59.999000+00:00,ETHUSDT,SHORT,3008.37285714,3002.11000000,100.00,0.03324056,1,0.2082,0.1862,0.021958,SIGNAL_REVERSAL,42,39,10.2522,3.635612
WIN,2025-12-01T11:53:44.522521+00:00,2025-11-29T14:29:59.999000+00:00,ETHUSDT,LONG,2992.05428571,2993.76000000,100.00,0.03342185,1,0.0570,0.0350,0.022011,SIGNAL_REVERSAL,43,39,10.2872,3.659623
LOSS,2025-12-01T11:53:44.565736+00:00,2025-11-29T15:44:59.999000+00:00,ETHUSDT,SHORT,2995.93564169,2999.15000000,270.00,0.09012210,3,-0.2897,-0.3491,0.059458,SIGNAL_REVERSAL,43,40,9.9380,3.724481
LOSS,2025-12-01T11:53:44.623839+00:00,2025-11-29T17:29:59.999000+00:00,ETHUSDT,LONG,2995.71250000,2993.00000000,100.00,0.03338104,1,-0.0905,-0.1125,0.021982,SIGNAL_REVERSAL,43,41,9.8255,3.748463
WIN,2025-12-01T11:53:44.656062+00:00,2025-11-29T17:59:59.999000+00:00,ETHUSDT,SHORT,2997.34035714,2968.63000000,100.00,0.03336291,1,0.9579,0.9361,0.021808,SIGNAL_REVERSAL,44,41,10.7616,3.772271
LOSS,2025-12-01T11:53:44.682540+00:00,2025-11-29T18:59:59.999000+00:00,ETHUSDT,SHORT,2979.81076741,2993.51000000,270.00,0.09060978,3,-1.2413,-1.3009,0.059648,SIGNAL_REVERSAL,44,42,9.4606,3.837320
LOSS,2025-12-01T11:53:44.719800+00:00,2025-11-29T19:59:59.999000+00:00,ETHUSDT,LONG,2987.06464286,2987.49000000,100.00,0.03347768,1,0.0142,-0.0078,0.022003,SIGNAL_REVERSAL,44,43,9.4529,3.861322
WIN,2025-12-01T11:53:44.750454+00:00,2025-11-29T21:44:59.999000+00:00,ETHUSDT,SHORT,2993.74964286,2991.91000000,100.00,0.03340293,1,0.0614,0.0395,0.021988,SIGNAL_REVERSAL,45,43,9.4923,3.885310
LOSS,2025-12-01T11:53:44.783449+00:00,2025-11-29T22:29:59.999000+00:00,ETHUSDT,LONG,2987.02535714,2983.95000000,100.00,0.03347812,1,-0.1030,-0.1249,0.021979,SIGNAL_REVERSAL,45,44,9.3674,3.909289
LOSS,2025-12-01T11:53:44.816010+00:00,2025-11-29T23:44:59.999000+00:00,ETHUSDT,SHORT,2990.81616160,2990.28000000,290.00,0.09696350,3,0.0520,-0.0118,0.063790,SIGNAL_REVERSAL,45,45,9.3556,3.978879
WIN,2025-12-01T11:53:44.874215+00:00,2025-11-30T00:29:59.999000+00:00,ETHUSDT,LONG,2986.65964286,2994.59000000,100.00,0.03348222,1,0.2655,0.2435,0.022053,SIGNAL_REVERSAL,46,45,9.5991,4.002932
LOSS,2025-12-01T11:53:44.928696+00:00,2025-11-30T02:59:59.999000+00:00,ETHUSDT,LONG,2997.19286571,2989.99000000,270.00,0.09008429,3,-0.6489,-0.7081,0.059270,SIGNAL_REVERSAL,46,46,8.8909,4.067602
LOSS,2025-12-01T11:53:44.992048+00:00,2025-11-30T03:59:59.999000+00:00,ETHUSDT,SHORT,2996.91772543,3000.44000000,270.00,0.09009256,3,-0.3173,-0.3768,0.059463,SIGNAL_REVERSAL,46,47,8.5141,4.132466
LOSS,2025-12-01T11:53:45.039890+00:00,2025-11-30T04:44:59.999000+00:00,ETHUSDT,LONG,2996.12035714,2996.75000000,100.00,0.03337650,1,0.0210,-0.0010,0.022004,SIGNAL_REVERSAL,46,48,8.5132,4.156470
LOSS,2025-12-01T11:53:45.092309+00:00,2025-11-30T06:44:59.999000+00:00,ETHUSDT,SHORT,2993.73232013,2996.60000000,200.00,0.06680624,2,-0.1916,-0.2356,0.044038,SIGNAL_REVERSAL,46,49,8.2775,4.204508
WIN,2025-12-01T11:53:45.162588+00:00,2025-11-30T08:59:59.999000+00:00,ETHUSDT,LONG,2999.42928571,3005.53000000,100.00,0.03333968,1,0.2034,0.1814,0.022041,SIGNAL_REVERSAL,47,49,8.4589,4.228549
WIN,2025-12-01T11:53:45.188005+00:00,2025-11-30T11:59:59.999000+00:00,ETHUSDT,LONG,3000.98851801,3001.76000000,200.00,0.06664471,2,0.0514,0.0074,0.044010,SIGNAL_REVERSAL,48,49,8.4663,4.276559
LOSS,2025-12-01T11:53:45.229897+00:00,2025-11-30T12:29:59.999000+00:00,ETHUSDT,SHORT,3005.13357143,3008.26000000,100.00,0.03327639,1,-0.1040,-0.1261,0.022021,SIGNAL_REVERSAL,48,50,8.3402,4.300580
LOSS,2025-12-01T11:53:45.293208+00:00,2025-11-30T14:44:59.999000+00:00,ETHUSDT,LONG,3036.01709919,3027.93000000,190.00,0.06258199,2,-0.5061,-0.5478,0.041699,SIGNAL_REVERSAL,48,51,7.7924,4.346079
LOSS,2025-12-01T11:53:45.340061+00:00,2025-11-30T16:29:59.999000+00:00,ETHUSDT,SHORT,3033.39178571,3045.76000000,100.00,0.03296640,1,-0.4077,-0.4298,0.022082,SIGNAL_REVERSAL,48,52,7.3626,4.370160
LOSS,2025-12-01T11:53:45.366505+00:00,2025-11-30T17:29:59.999000+00:00,ETHUSDT,LONG,3037.54692576,3034.28000000,190.00,0.06255047,2,-0.2043,-0.2461,0.041759,SIGNAL_REVERSAL,48,53,7.1165,4.415720
WIN,2025-12-01T11:53:45.402581+00:00,2025-11-30T18:29:59.999000+00:00,ETHUSDT,SHORT,3039.18857143,3033.96000000,100.00,0.03290352,1,0.1720,0.1501,0.021966,SIGNAL_REVERSAL,49,53,7.2666,4.439685
WIN,2025-12-01T11:53:45.429072+00:00,2025-11-30T20:44:59.999000+00:00,ETHUSDT,SHORT,3038.45857143,3026.01000000,100.00,0.03291142,1,0.4097,0.3878,0.021918,SIGNAL_REVERSAL,50,53,7.6544,4.463603
WIN,2025-12-01T11:53:45.455319+00:00,2025-11-30T21:29:59.999000+00:00,ETHUSDT,SHORT,3029.93392857,3021.44000000,100.00,0.03300402,1,0.2803,0.2584,0.021944,SIGNAL_REVERSAL,51,53,7.9128,4.487547
LOSS,2025-12-01T11:53:45.481813+00:00,2025-11-30T22:29:59.999000+00:00,ETHUSDT,SHORT,3027.54174564,3027.05000000,190.00,0.06275719,2,0.0309,-0.0109,0.041794,SIGNAL_REVERSAL,51,54,7.9018,4.533141
LOSS,2025-12-01T11:53:45.520630+00:00,2025-11-30T23:29:59.999000+00:00,ETHUSDT,LONG,3019.42741853,3006.65000000,380.00,0.12585168,4,-1.6081,-1.6913,0.083278,SIGNAL_REVERSAL,51,55,6.2105,4.624019
WIN,2025-12-01T11:53:45.591071+00:00,2025-11-30T23:59:59.999000+00:00,ETHUSDT,SHORT,3014.63388726,2990.02000000,190.00,0.06302590,2,1.5513,1.5098,0.041490,SIGNAL_REVERSAL,52,55,7.7203,4.669309
WIN,2025-12-01T11:53:45.622277+00:00,2025-12-01T00:29:59.999000+00:00,ETHUSDT,SHORT,2995.83035714,2891.76000000,100.00,0.03337973,1,3.4738,3.4525,0.021305,SIGNAL_REVERSAL,53,55,11.1728,4.692614
WIN,2025-12-01T11:53:45.651832+00:00,2025-12-01T00:59:59.999000+00:00,ETHUSDT,SHORT,2911.80144527,2834.82000000,270.00,0.09272610,3,7.1382,7.0802,0.057972,SIGNAL_REVERSAL,54,55,18.2531,4.755987
WIN,2025-12-01T11:53:45.688579+00:00,2025-12-01T02:59:59.999000+00:00,ETHUSDT,SHORT,2857.95336637,2836.79000000,270.00,0.09447320,3,1.9994,1.9404,0.059000,SIGNAL_REVERSAL,55,55,20.1934,4.820387
LOSS,2025-12-01T11:53:45.766425+00:00,2025-12-01T06:14:59.999000+00:00,ETHUSDT,SHORT,2826.34577377,2828.59000000,200.00,0.07076275,2,-0.1588,-0.2028,0.044032,SIGNAL_REVERSAL,55,56,19.9906,4.868419
WIN,2025-12-01T11:53:45.808577+00:00,2025-12-01T07:44:59.999000+00:00,ETHUSDT,LONG,2821.05107143,2837.49000000,100.00,0.03544778,1,0.5827,0.5606,0.022117,SIGNAL_REVERSAL,56,56,20.5512,4.892535
WIN,2025-12-01T11:53:45.837661+00:00,2025-12-01T10:14:59.999000+00:00,ETHUSDT,LONG,2831.86464286,2837.46000000,100.00,0.03531242,1,0.1976,0.1755,0.022040,SIGNAL_REVERSAL,57,56,20.7267,4.916575
LOSS,2025-12-01T11:53:45.880529+00:00,2025-12-01T11:53:45.896088+00:00,ETHUSDT,LONG,2837.44500000,2836.19000000,100.00,0.03524297,1,-0.0442,-0.0662,0.021991,SIMULATION_END,57,57,20.6605,4.940566
LOSS,2025-12-01T11:58:27.721539+00:00,2025-11-24T14:29:59.999000+00:00,ETHUSDT,LONG,2809.16976998,2796.69000000,1900.00,0.67635642,2,-8.4408,-8.8571,0.416312,SIGNAL_REVERSAL,0,1,-8.8571,0.454312
LOSS,2025-12-01T11:58:27.756748+00:00,2025-11-24T15:14:59.999000+00:00,ETHUSDT,SHORT,2815.25098162,2832.16000000,4400.00,1.56291571,5,-26.4274,-27.4007,0.973285,SIGNAL_REVERSAL,0,2,-36.2577,1.515597
WIN,2025-12-01T11:58:27.830495+00:00,2025-11-24T15:59:59.999000+00:00,ETHUSDT,LONG,2816.78845080,2845.16000000,1900.00,0.67452705,2,19.1374,18.7155,0.421827,SIGNAL_REVERSAL,1,2,-17.5422,1.975425
WIN,2025-12-01T11:58:27.883715+00:00,2025-11-24T18:14:59.999000+00:00,ETHUSDT,LONG,2906.90428571,2945.63000000,1000.00,0.34400857,1,13.3220,13.0993,0.222664,SIGNAL_REVERSAL,2,2,-4.4429,2.218089
WIN,2025-12-01T11:58:27.911557+00:00,2025-11-24T19:14:59.999000+00:00,ETHUSDT,LONG,2932.27178571,2970.24000000,1000.00,0.34103251,1,12.9484,12.7258,0.222590,SIGNAL_REVERSAL,3,2,8.2829,2.460679
LOSS,2025-12-01T11:58:27.941757+00:00,2025-11-24T19:59:59.999000+00:00,ETHUSDT,LONG,2958.72928571,2957.80000000,1000.00,0.33798293,1,-0.3141,-0.5340,0.219937,SIGNAL_REVERSAL,3,3,7.7489,2.700616
LOSS,2025-12-01T11:58:27.964472+00:00,2025-11-24T20:29:59.999000+00:00,ETHUSDT,SHORT,2973.99617974,2977.09000000,1900.00,0.63887103,2,-1.9766,-2.3949,0.418395,SIGNAL_REVERSAL,3,4,5.3540,3.157011
LOSS,2025-12-01T11:58:28.006840+00:00,2025-11-24T21:29:59.999000+00:00,ETHUSDT,LONG,2965.62750000,2964.70000000,1000.00,0.33719677,1,-0.3127,-0.5327,0.219937,SIGNAL_REVERSAL,3,5,4.8213,3.396949
WIN,2025-12-01T11:58:28.037053+00:00,2025-11-25T00:14:59.999000+00:00,ETHUSDT,SHORT,2973.25357143,2938.49000000,1000.00,0.33633189,1,11.6921,11.4744,0.217662,SIGNAL_REVERSAL,4,5,16.2957,3.634610
WIN,2025-12-01T11:58:28.067086+00:00,2025-11-25T01:59:59.999000+00:00,ETHUSDT,SHORT,2948.06853040,2917.98000000,1900.00,0.64448977,2,19.3917,18.9776,0.414122,SIGNAL_REVERSAL,5,5,35.2733,4.086732
LOSS,2025-12-01T11:58:28.096947+00:00,2025-11-25T02:59:59.999000+00:00,ETHUSDT,SHORT,2929.74379224,2929.75000000,2700.00,0.92158229,3,-0.0057,-0.5997,0.594001,SIGNAL_REVERSAL,5,6,34.6736,4.734733
LOSS,2025-12-01T11:58:28.132505+00:00,2025-11-25T03:59:59.999000+00:00,ETHUSDT,LONG,2916.62255071,2910.29000000,2700.00,0.92572829,3,-5.8622,-6.4550,0.592828,SIGNAL_REVERSAL,5,7,28.2186,5.381561
LOSS,2025-12-01T11:58:28.182084+00:00,2025-11-25T04:29:59.999000+00:00,ETHUSDT,SHORT,2917.39607143,2926.61000000,1000.00,0.34277142,1,-3.1583,-3.3789,0.220632,SIGNAL_REVERSAL,5,8,24.8397,5.622192
WIN,2025-12-01T11:58:28.210618+00:00,2025-11-25T04:59:59.999000+00:00,ETHUSDT,LONG,2919.64178571,2936.06000000,1000.00,0.34250777,1,5.6234,5.4022,0.221125,SIGNAL_REVERSAL,6,8,30.2419,5.863317
LOSS,2025-12-01T11:58:28.233698+00:00,2025-11-25T06:14:59.999000+00:00,ETHUSDT,LONG,2924.01587587,2922.24000000,2900.00,0.99178668,3,-1.7613,-2.3989,0.637648,SIGNAL_REVERSAL,6,9,27.8430,6.558965
WIN,2025-12-01T11:58:28.307055+00:00,2025-11-25T08:59:59.999000+00:00,ETHUSDT,SHORT,2909.83782155,2870.19000000,1900.00,0.65295735,2,25.8883,25.4755,0.412822,SIGNAL_REVERSAL,7,9,53.3185,7.009787
LOSS,2025-12-01T11:58:28.337006+00:00,2025-11-25T09:59:59.999000+00:00,ETHUSDT,SHORT,2881.82177978,2890.35000000,2700.00,0.93690735,3,-7.9902,-8.5858,0.595598,SIGNAL_REVERSAL,7,10,44.7327,7.659385
WIN,2025-12-01T11:58:28.372868+00:00,2025-11-25T10:59:59.999000+00:00,ETHUSDT,LONG,2883.94607143,2896.69000000,1000.00,0.34674712,1,4.4189,4.1980,0.220884,SIGNAL_REVERSAL,8,10,48.9308,7.900269
WIN,2025-12-01T11:58:28.399460+00:00,2025-11-25T12:29:59.999000+00:00,ETHUSDT,LONG,2890.46000000,2919.53000000,1000.00,0.34596569,1,10.0572,9.8352,0.222011,SIGNAL_REVERSAL,9,10,58.7660,8.142280
LOSS,2025-12-01T11:58:28.431745+00:00,2025-11-25T13:59:59.999000+00:00,ETHUSDT,LONG,2909.97429487,2906.07000000,1900.00,0.65292673,2,-2.5492,-2.9667,0.417490,SIGNAL_REVERSAL,9,11,55.7993,8.597771
WIN,2025-12-01T11:58:28.467686+00:00,2025-11-25T14:59:59.999000+00:00,ETHUSDT,SHORT,2917.09153194,2879.41000000,1900.00,0.65133369,2,24.5433,24.1302,0.413091,SIGNAL_REVERSAL,10,11,79.9294,9.048862
WIN,2025-12-01T11:58:28.506780+00:00,2025-11-25T15:59:59.999000+00:00,ETHUSDT,SHORT,2897.56492345,2894.18000000,2700.00,0.93181691,3,3.1541,2.5608,0.593369,SIGNAL_REVERSAL,11,11,82.4902,9.696231
WIN,2025-12-01T11:58:28.617473+00:00,2025-11-25T19:29:59.999000+00:00,ETHUSDT,SHORT,2933.67000000,2883.62000000,1000.00,0.34086997,1,17.0605,16.8440,0.216588,SIGNAL_REVERSAL,12,11,99.3341,9.932819
LOSS,2025-12-01T11:58:28.643292+00:00,2025-11-25T20:14:59.999000+00:00,ETHUSDT,SHORT,2905.32784873,2931.66000000,2700.00,0.92932713,3,-24.4712,-25.0701,0.598894,SIGNAL_REVERSAL,12,12,74.2641,10.585713
WIN,2025-12-01T11:58:28.699984+00:00,2025-11-25T21:44:59.999000+00:00,ETHUSDT,LONG,2920.69000000,2938.32000000,1000.00,0.34238485,1,6.0362,5.8150,0.221207,SIGNAL_REVERSAL,13,12,80.0791,10.826920
LOSS,2025-12-01T11:58:28.743005+00:00,2025-11-25T22:59:59.999000+00:00,ETHUSDT,SHORT,2934.05322181,2968.75000000,3600.00,1.22697161,4,-42.5720,-43.3725,0.800514,SIGNAL_REVERSAL,13,13,36.7066,11.699435
LOSS,2025-12-01T11:58:28.810042+00:00,2025-11-26T00:59:59.999000+00:00,ETHUSDT,LONG,2954.39041659,2953.08000000,1900.00,0.64311067,2,-0.8427,-1.2606,0.417831,SIGNAL_REVERSAL,13,14,35.4461,12.155266
LOSS,2025-12-01T11:58:28.861573+00:00,2025-11-26T02:59:59.999000+00:00,ETHUSDT,LONG,2962.06753027,2955.41000000,1900.00,0.64144385,2,-4.2704,-4.6876,0.417146,SIGNAL_REVERSAL,13,15,30.7585,12.610412
WIN,2025-12-01T11:58:28.894836+00:00,2025-11-26T03:59:59.999000+00:00,ETHUSDT,SHORT,2962.04571429,2925.54000000,1000.00,0.33760451,1,12.3245,12.1070,0.217535,SIGNAL_REVERSAL,14,15,42.8654,12.847947
LOSS,2025-12-01T11:58:28.920104+00:00,2025-11-26T05:29:59.999000+00:00,ETHUSDT,SHORT,2932.24107143,2939.62000000,1000.00,0.34103608,1,-2.5165,-2.7370,0.220503,SIGNAL_REVERSAL,14,16,40.1285,13.088451
LOSS,2025-12-01T11:58:28.947378+00:00,2025-11-26T08:29:59.999000+00:00,ETHUSDT,LONG,2932.64232987,2923.32000000,2000.00,0.68197884,2,-6.3576,-6.7964,0.438728,SIGNAL_REVERSAL,14,17,33.3321,13.567179
WIN,2025-12-01T11:58:28.984693+00:00,2025-11-26T08:59:59.999000+00:00,ETHUSDT,SHORT,2929.41035714,2911.83000000,1000.00,0.34136563,1,6.0013,5.7825,0.218800,SIGNAL_REVERSAL,15,17,39.1146,13.805979
WIN,2025-12-01T11:58:29.010613+00:00,2025-11-26T09:59:59.999000+00:00,ETHUSDT,SHORT,2917.80892857,2905.84000000,1000.00,0.34272292,1,4.1020,3.8828,0.219180,SIGNAL_REVERSAL,16,17,42.9975,14.045158
LOSS,2025-12-01T11:58:29.033704+00:00,2025-11-26T10:59:59.999000+00:00,ETHUSDT,SHORT,2911.46464286,2912.73000000,1000.00,0.34346974,1,-0.4346,-0.6547,0.220087,SIGNAL_REVERSAL,16,18,42.3428,14.285245
LOSS,2025-12-01T11:58:29.065108+00:00,2025-11-26T12:29:59.999000+00:00,ETHUSDT,LONG,2902.13464661,2899.24000000,2700.00,0.93034967,3,-2.6930,-3.2865,0.593461,SIGNAL_REVERSAL,16,19,39.0563,14.932707
LOSS,2025-12-01T11:58:29.115704+00:00,2025-11-26T13:44:59.999000+00:00,ETHUSDT,SHORT,2906.87629853,2922.17000000,2900.00,0.99763447,3,-15.2575,-15.8986,0.641052,SIGNAL_REVERSAL,16,20,23.1577,15.631758
WIN,2025-12-01T11:58:29.171580+00:00,2025-11-26T16:29:59.999000+00:00,ETHUSDT,LONG,2911.15246993,2942.88000000,2700.00,0.92746774,3,29.4263,28.8264,0.599885,SIGNAL_REVERSAL,17,20,51.9841,16.285643
WIN,2025-12-01T11:58:29.242106+00:00,2025-11-26T18:14:59.999000+00:00,ETHUSDT,LONG,2989.98839322,3037.29000000,2700.00,0.90301354,3,42.7140,42.1114,0.602543,SIGNAL_REVERSAL,18,20,94.0955,16.942186
WIN,2025-12-01T11:58:29.279245+00:00,2025-11-26T19:29:59.999000+00:00,ETHUSDT,LONG,3019.30139534,3024.79000000,1900.00,0.62928464,2,3.4539,3.0352,0.418691,SIGNAL_REVERSAL,19,20,97.1307,17.398877
WIN,2025-12-01T11:58:29.324390+00:00,2025-11-26T20:29:59.999000+00:00,ETHUSDT,SHORT,3035.67607143,3019.93000000,1000.00,0.32941591,1,5.1870,4.9680,0.218963,SIGNAL_REVERSAL,20,20,102.0988,17.637840
WIN,2025-12-01T11:58:29.356275+00:00,2025-11-26T21:44:59.999000+00:00,ETHUSDT,SHORT,3030.25678571,3024.62000000,1000.00,0.33000504,1,1.8602,1.6405,0.219628,SIGNAL_REVERSAL,21,20,103.7393,17.877468
WIN,2025-12-01T11:58:29.386114+00:00,2025-11-26T23:44:59.999000+00:00,ETHUSDT,LONG,3016.81357143,3019.78000000,1000.00,0.33147557,1,0.9833,0.7631,0.220197,SIGNAL_REVERSAL,22,20,104.5024,18.117664
WIN,2025-12-01T11:58:29.418033+00:00,2025-11-27T00:29:59.999000+00:00,ETHUSDT,SHORT,3025.87642857,3015.01000000,1000.00,0.33048276,1,3.5912,3.3719,0.219282,SIGNAL_REVERSAL,23,20,107.8743,18.356946
LOSS,2025-12-01T11:58:29.451382+00:00,2025-11-27T00:59:59.999000+00:00,ETHUSDT,SHORT,3021.03321429,3033.75000000,1000.00,0.33101258,1,-4.2094,-4.4303,0.220842,SIGNAL_REVERSAL,23,21,103.4440,18.597788
WIN,2025-12-01T11:58:29.482338+00:00,2025-11-27T02:14:59.999000+00:00,ETHUSDT,LONG,3024.29239634,3046.00000000,1900.00,0.62824613,2,13.6377,13.2170,0.420728,SIGNAL_REVERSAL,24,21,116.6610,19.056515
LOSS,2025-12-01T11:58:29.531219+00:00,2025-11-27T03:14:59.999000+00:00,ETHUSDT,LONG,3050.53734935,3041.39000000,2700.00,0.88508997,3,-8.0962,-8.6886,0.592381,SIGNAL_REVERSAL,24,22,107.9724,19.702896
WIN,2025-12-01T11:58:29.590518+00:00,2025-11-27T03:59:59.999000+00:00,ETHUSDT,SHORT,3049.99500000,3032.32000000,1000.00,0.32786939,1,5.7951,5.5763,0.218841,SIGNAL_REVERSAL,25,22,113.5487,19.941737
WIN,2025-12-01T11:58:29.623046+00:00,2025-11-27T04:59:59.999000+00:00,ETHUSDT,SHORT,3044.61114153,3040.15000000,1900.00,0.62405342,2,2.7840,2.3665,0.417443,SIGNAL_REVERSAL,26,22,115.9152,20.397180
LOSS,2025-12-01T11:58:29.669524+00:00,2025-11-27T05:44:59.999000+00:00,ETHUSDT,LONG,3032.45535714,3022.20000000,1000.00,0.32976578,1,-3.3819,-3.6012,0.219324,SIGNAL_REVERSAL,26,23,112.3140,20.636504
LOSS,2025-12-01T11:58:29.704971+00:00,2025-11-27T07:29:59.999000+00:00,ETHUSDT,SHORT,3029.57785714,3032.36000000,1000.00,0.33007899,1,-0.9183,-1.1385,0.220184,SIGNAL_REVERSAL,26,24,111.1755,20.876688
LOSS,2025-12-01T11:58:29.729706+00:00,2025-11-27T08:29:59.999000+00:00,ETHUSDT,LONG,3024.05386732,3021.59000000,2900.00,0.95897763,3,-2.3628,-3.0003,0.637527,SIGNAL_REVERSAL,26,25,108.1752,21.572215
LOSS,2025-12-01T11:58:29.784571+00:00,2025-11-27T09:44:59.999000+00:00,ETHUSDT,SHORT,3029.71967387,3033.82000000,4700.00,1.55129864,5,-6.3608,-7.3961,1.035272,SIGNAL_REVERSAL,26,26,100.7791,22.701487
LOSS,2025-12-01T11:58:29.866613+00:00,2025-11-27T12:14:59.999000+00:00,ETHUSDT,LONG,3025.48146231,3024.00000000,2700.00,0.89241994,3,-1.3221,-1.9158,0.593736,SIGNAL_REVERSAL,26,27,98.8633,23.349223
WIN,2025-12-01T11:58:29.917894+00:00,2025-11-27T12:44:59.999000+00:00,ETHUSDT,SHORT,3027.99714286,3005.85000000,1000.00,0.33025130,1,7.3141,7.0956,0.218537,SIGNAL_REVERSAL,27,27,105.9589,23.587760
WIN,2025-12-01T11:58:29.945984+00:00,2025-11-27T13:14:59.999000+00:00,ETHUSDT,SHORT,3012.61299323,2996.84000000,1900.00,0.63068174,2,9.9477,9.5317,0.416010,SIGNAL_REVERSAL,28,27,115.4906,24.041771
LOSS,2025-12-01T11:58:29.977367+00:00,2025-11-27T15:59:59.999000+00:00,ETHUSDT,SHORT,3003.93491755,3009.68000000,1900.00,0.63250372,2,-3.6338,-4.0525,0.418727,SIGNAL_REVERSAL,28,28,111.4381,24.498497
WIN,2025-12-01T11:58:30.007748+00:00,2025-11-27T16:29:59.999000+00:00,ETHUSDT,LONG,3003.39071429,3015.29000000,1000.00,0.33295701,1,3.9620,3.7412,0.220792,SIGNAL_REVERSAL,29,28,115.1792,24.739290
WIN,2025-12-01T11:58:30.071834+00:00,2025-11-27T20:29:59.999000+00:00,ETHUSDT,LONG,3028.25299504,3035.84000000,1900.00,0.62742446,2,4.7603,4.3413,0.418952,SIGNAL_REVERSAL,30,28,119.5206,25.196242
LOSS,2025-12-01T11:58:30.108689+00:00,2025-11-27T22:14:59.999000+00:00,ETHUSDT,LONG,3031.49785714,3029.60000000,1000.00,0.32986993,1,-0.6260,-0.8459,0.219875,SIGNAL_REVERSAL,30,29,118.6746,25.436117
WIN,2025-12-01T11:58:30.150476+00:00,2025-11-28T01:29:59.999000+00:00,ETHUSDT,SHORT,3018.06543811,3000.17000000,2800.00,0.92774662,3,16.6024,15.9898,0.612680,SIGNAL_REVERSAL,31,29,134.6644,26.104796
WIN,2025-12-01T11:58:30.204535+00:00,2025-11-28T03:44:59.999000+00:00,ETHUSDT,SHORT,3008.30993916,3005.81000000,2900.00,0.96399642,3,2.4099,1.7724,0.637518,SIGNAL_REVERSAL,32,29,136.4368,26.800314
LOSS,2025-12-01T11:58:30.293207+00:00,2025-11-28T06:29:59.999000+00:00,ETHUSDT,LONG,3018.10142342,3010.00000000,2000.00,0.66266825,2,-5.3686,-5.8075,0.438926,SIGNAL_REVERSAL,32,30,130.6293,27.279240
WIN,2025-12-01T11:58:30.337992+00:00,2025-11-28T07:59:59.999000+00:00,ETHUSDT,SHORT,3016.20379777,3000.14000000,1900.00,0.62993091,2,10.1191,9.7031,0.415976,SIGNAL_REVERSAL,33,30,140.3324,27.733217
LOSS,2025-12-01T11:58:30.367880+00:00,2025-11-28T08:29:59.999000+00:00,ETHUSDT,SHORT,3009.27219834,3016.75000000,2700.00,0.89722691,3,-6.7093,-7.3046,0.595342,SIGNAL_REVERSAL,33,31,133.0278,28.382558
LOSS,2025-12-01T11:58:30.428048+00:00,2025-11-28T11:29:59.999000+00:00,ETHUSDT,LONG,3049.78238464,3028.61000000,2700.00,0.88530907,3,-18.7441,-19.3344,0.590251,SIGNAL_REVERSAL,33,32,113.6934,29.026810
WIN,2025-12-01T11:58:30.472342+00:00,2025-11-28T12:29:59.999000+00:00,ETHUSDT,SHORT,3038.62279711,3034.58000000,2000.00,0.65819292,2,2.6609,2.2215,0.439468,SIGNAL_REVERSAL,34,32,115.9149,29.506277
WIN,2025-12-01T11:58:30.515668+00:00,2025-11-28T13:59:59.999000+00:00,ETHUSDT,LONG,3028.58892857,3072.56000000,1000.00,0.33018677,1,14.5187,14.2958,0.222904,SIGNAL_REVERSAL,35,32,130.2107,29.749181
LOSS,2025-12-01T11:58:30.546528+00:00,2025-11-28T16:29:59.999000+00:00,ETHUSDT,LONG,3058.69039178,3027.86000000,2700.00,0.88273073,3,-27.2149,-27.8035,0.588557,SIGNAL_REVERSAL,35,33,102.4072,30.391738
WIN,2025-12-01T11:58:30.590335+00:00,2025-11-28T17:29:59.999000+00:00,ETHUSDT,SHORT,3045.09773336,3016.15000000,1900.00,0.62395370,2,18.0620,17.6477,0.414388,SIGNAL_REVERSAL,36,33,120.0548,30.844126
LOSS,2025-12-01T11:58:30.621060+00:00,2025-11-28T18:29:59.999000+00:00,ETHUSDT,SHORT,3036.29296783,3035.86000000,2900.00,0.95511205,3,0.4135,-0.2244,0.637917,SIGNAL_REVERSAL,36,34,119.8305,31.540043
WIN,2025-12-01T11:58:30.694052+00:00,2025-11-28T20:44:59.999000+00:00,ETHUSDT,LONG,3039.09979155,3051.61000000,1900.00,0.62518513,2,7.8212,7.4016,0.419564,SIGNAL_REVERSAL,37,34,127.2321,31.997607
LOSS,2025-12-01T11:58:30.739081+00:00,2025-11-28T21:59:59.999000+00:00,ETHUSDT,LONG,3044.78500000,3035.03000000,1000.00,0.32843041,1,-3.2038,-3.4232,0.219359,SIGNAL_REVERSAL,37,35,123.8089,32.236966
WIN,2025-12-01T11:58:30.769617+00:00,2025-11-28T23:14:59.999000+00:00,ETHUSDT,SHORT,3043.15487692,3039.60000000,1900.00,0.62435205,2,2.2195,1.8019,0.417556,SIGNAL_REVERSAL,38,35,125.6108,32.692523
LOSS,2025-12-01T11:58:30.797883+00:00,2025-11-28T23:59:59.999000+00:00,ETHUSDT,LONG,3034.17357143,3029.80000000,1000.00,0.32957904,1,-1.4414,-1.6611,0.219712,SIGNAL_REVERSAL,38,36,123.9497,32.932234
WIN,2025-12-01T11:58:30.830262+00:00,2025-11-29T01:29:59.999000+00:00,ETHUSDT,SHORT,3038.69832704,3037.79000000,4700.00,1.54671491,5,1.4049,0.3712,1.033719,SIGNAL_REVERSAL,39,36,124.3209,34.059953
LOSS,2025-12-01T11:58:30.910239+00:00,2025-11-29T02:44:59.999000+00:00,ETHUSDT,LONG,3032.93714286,3026.87000000,1000.00,0.32971339,1,-2.0004,-2.2200,0.219600,SIGNAL_REVERSAL,39,37,122.1009,34.299553
WIN,2025-12-01T11:58:30.942062+00:00,2025-11-29T03:44:59.999000+00:00,ETHUSDT,SHORT,3031.05821429,3020.78000000,1000.00,0.32991778,1,3.3910,3.1716,0.219322,SIGNAL_REVERSAL,40,37,125.2725,34.538875
LOSS,2025-12-01T11:58:30.970558+00:00,2025-11-29T04:44:59.999000+00:00,ETHUSDT,SHORT,3025.19500000,3030.00000000,1000.00,0.33055720,1,-1.5883,-1.8086,0.220318,SIGNAL_REVERSAL,40,38,123.4639,34.779193
LOSS,2025-12-01T11:58:31.025311+00:00,2025-11-29T06:44:59.999000+00:00,ETHUSDT,LONG,3027.86544083,3005.41000000,3700.00,1.22198297,4,-27.4402,-28.2487,0.808512,SIGNAL_REVERSAL,40,39,95.2152,35.661705
WIN,2025-12-01T11:58:31.097850+00:00,2025-11-29T07:59:59.999000+00:00,ETHUSDT,SHORT,3012.52333412,3003.23000000,1900.00,0.63070051,2,5.8613,5.4445,0.416828,SIGNAL_REVERSAL,41,39,100.6597,36.116532
WIN,2025-12-01T11:58:31.129131+00:00,2025-11-29T09:44:59.999000+00:00,ETHUSDT,SHORT,3008.37285714,3002.11000000,1000.00,0.33240561,1,2.0818,1.8622,0.219584,SIGNAL_REVERSAL,42,39,102.5219,36.356116
WIN,2025-12-01T11:58:31.229420+00:00,2025-11-29T14:29:59.999000+00:00,ETHUSDT,LONG,2992.05428571,2993.76000000,1000.00,0.33421853,1,0.5701,0.3500,0.220114,SIGNAL_REVERSAL,43,39,102.8719,36.596230
LOSS,2025-12-01T11:58:31.277964+00:00,2025-11-29T15:44:59.999000+00:00,ETHUSDT,SHORT,2995.93564169,2999.15000000,2700.00,0.90122096,3,-2.8968,-3.4914,0.594579,SIGNAL_REVERSAL,43,40,99.3804,37.244809
LOSS,2025-12-01T11:58:31.341716+00:00,2025-11-29T17:29:59.999000+00:00,ETHUSDT,LONG,2995.71250000,2993.00000000,1000.00,0.33381040,1,-0.9055,-1.1253,0.219819,SIGNAL_REVERSAL,43,41,98.2552,37.484628
WIN,2025-12-01T11:58:31.376019+00:00,2025-11-29T17:59:59.999000+00:00,ETHUSDT,SHORT,2997.34035714,2968.63000000,1000.00,0.33362911,1,9.5786,9.3605,0.218084,SIGNAL_REVERSAL,44,41,107.6157,37.722713
LOSS,2025-12-01T11:58:31.402476+00:00,2025-11-29T18:59:59.999000+00:00,ETHUSDT,SHORT,2979.81076741,2993.51000000,2700.00,0.90609781,3,-12.4128,-13.0093,0.596483,SIGNAL_REVERSAL,44,42,94.6064,38.373195
LOSS,2025-12-01T11:58:31.442658+00:00,2025-11-29T19:59:59.999000+00:00,ETHUSDT,LONG,2987.06464286,2987.49000000,1000.00,0.33477682,1,0.1424,-0.0776,0.220028,SIGNAL_REVERSAL,44,43,94.5287,38.613224
WIN,2025-12-01T11:58:31.478659+00:00,2025-11-29T21:44:59.999000+00:00,ETHUSDT,SHORT,2993.74964286,2991.91000000,1000.00,0.33402927,1,0.6145,0.3946,0.219877,SIGNAL_REVERSAL,45,43,94.9233,38.853101
LOSS,2025-12-01T11:58:31.512094+00:00,2025-11-29T22:29:59.999000+00:00,ETHUSDT,LONG,2987.02535714,2983.95000000,1000.00,0.33478122,1,-1.0296,-1.2494,0.219794,SIGNAL_REVERSAL,45,44,93.6740,39.092895
LOSS,2025-12-01T11:58:31.546306+00:00,2025-11-29T23:44:59.999000+00:00,ETHUSDT,SHORT,2990.81616160,2990.28000000,2900.00,0.96963499,3,0.5199,-0.1180,0.637896,SIGNAL_REVERSAL,45,45,93.5560,39.788791
WIN,2025-12-01T11:58:31.604124+00:00,2025-11-30T00:29:59.999000+00:00,ETHUSDT,LONG,2986.65964286,2994.59000000,1000.00,0.33482222,1,2.6553,2.4347,0.220531,SIGNAL_REVERSAL,46,45,95.9907,40.029322
LOSS,2025-12-01T11:58:31.659247+00:00,2025-11-30T02:59:59.999000+00:00,ETHUSDT,LONG,2997.19286571,2989.99000000,2700.00,0.90084293,3,-6.4887,-7.0814,0.592702,SIGNAL_REVERSAL,46,46,88.9093,40.676024
LOSS,2025-12-01T11:58:31.722200+00:00,2025-11-30T03:59:59.999000+00:00,ETHUSDT,SHORT,2996.91772543,3000.44000000,2700.00,0.90092563,3,-3.1733,-3.7679,0.594635,SIGNAL_REVERSAL,46,47,85.1414,41.324659
LOSS,2025-12-01T11:58:31.770477+00:00,2025-11-30T04:44:59.999000+00:00,ETHUSDT,LONG,2996.12035714,2996.75000000,1000.00,0.33376496,1,0.2102,-0.0099,0.220042,SIGNAL_REVERSAL,46,48,85.1315,41.564701
LOSS,2025-12-01T11:58:31.832712+00:00,2025-11-30T06:44:59.999000+00:00,ETHUSDT,SHORT,2993.73232013,2996.60000000,2000.00,0.66806240,2,-1.9158,-2.3562,0.440383,SIGNAL_REVERSAL,46,49,82.7753,42.045084
WIN,2025-12-01T11:58:31.902431+00:00,2025-11-30T08:59:59.999000+00:00,ETHUSDT,LONG,2999.42928571,3005.53000000,1000.00,0.33339676,1,2.0340,1.8136,0.220407,SIGNAL_REVERSAL,47,49,84.5889,42.285491
WIN,2025-12-01T11:58:31.929162+00:00,2025-11-30T11:59:59.999000+00:00,ETHUSDT,LONG,3000.98851801,3001.76000000,2000.00,0.66644707,2,0.5142,0.0740,0.440103,SIGNAL_REVERSAL,48,49,84.6629,42.765594
LOSS,2025-12-01T11:58:31.970631+00:00,2025-11-30T12:29:59.999000+00:00,ETHUSDT,SHORT,3005.13357143,3008.26000000,1000.00,0.33276391,1,-1.0404,-1.2606,0.220208,SIGNAL_REVERSAL,48,50,83.4024,43.005802
LOSS,2025-12-01T11:58:32.036260+00:00,2025-11-30T14:44:59.999000+00:00,ETHUSDT,LONG,3036.01709919,3027.93000000,1900.00,0.62581993,2,-5.0611,-5.4781,0.416988,SIGNAL_REVERSAL,48,51,77.9243,43.460790
LOSS,2025-12-01T11:58:32.078023+00:00,2025-11-30T16:29:59.999000+00:00,ETHUSDT,SHORT,3033.39178571,3045.76000000,1000.00,0.32966398,1,-4.0774,-4.2982,0.220815,SIGNAL_REVERSAL,48,52,73.6261,43.701605
LOSS,2025-12-01T11:58:32.104044+00:00,2025-11-30T17:29:59.999000+00:00,ETHUSDT,LONG,3037.54692576,3034.28000000,1900.00,0.62550474,2,-2.0435,-2.4611,0.417591,SIGNAL_REVERSAL,48,53,71.1651,44.157196
WIN,2025-12-01T11:58:32.136608+00:00,2025-11-30T18:29:59.999000+00:00,ETHUSDT,SHORT,3039.18857143,3033.96000000,1000.00,0.32903519,1,1.7204,1.5007,0.219656,SIGNAL_REVERSAL,49,53,72.6658,44.396852
WIN,2025-12-01T11:58:32.160159+00:00,2025-11-30T20:44:59.999000+00:00,ETHUSDT,SHORT,3038.45857143,3026.01000000,1000.00,0.32911425,1,4.0970,3.8778,0.219181,SIGNAL_REVERSAL,50,53,76.5436,44.636033
WIN,2025-12-01T11:58:32.184086+00:00,2025-11-30T21:29:59.999000+00:00,ETHUSDT,SHORT,3029.93392857,3021.44000000,1000.00,0.33004020,1,2.8033,2.5839,0.219439,SIGNAL_REVERSAL,51,53,79.1275,44.875472
LOSS,2025-12-01T11:58:32.206966+00:00,2025-11-30T22:29:59.999000+00:00,ETHUSDT,SHORT,3027.54174564,3027.05000000,1900.00,0.62757186,2,0.3086,-0.1093,0.417938,SIGNAL_REVERSAL,51,54,79.0182,45.331410
LOSS,2025-12-01T11:58:32.248388+00:00,2025-11-30T23:29:59.999000+00:00,ETHUSDT,LONG,3019.42741853,3006.65000000,3800.00,1.25851676,4,-16.0806,-16.9134,0.832784,SIGNAL_REVERSAL,51,55,62.1048,46.240194
WIN,2025-12-01T11:58:32.318724+00:00,2025-11-30T23:59:59.999000+00:00,ETHUSDT,SHORT,3014.63388726,2990.02000000,1900.00,0.63025895,2,15.5131,15.0982,0.414897,SIGNAL_REVERSAL,52,55,77.2030,46.693092
WIN,2025-12-01T11:58:32.349483+00:00,2025-12-01T00:29:59.999000+00:00,ETHUSDT,SHORT,2995.83035714,2891.76000000,1000.00,0.33379727,1,34.7384,34.5253,0.213052,SIGNAL_REVERSAL,53,55,111.7284,46.926144
WIN,2025-12-01T11:58:32.374525+00:00,2025-12-01T00:59:59.999000+00:00,ETHUSDT,SHORT,2911.80144527,2834.82000000,2700.00,0.92726103,3,71.3819,70.8022,0.579724,SIGNAL_REVERSAL,54,55,182.5306,47.559868
WIN,2025-12-01T11:58:32.409719+00:00,2025-12-01T02:59:59.999000+00:00,ETHUSDT,SHORT,2857.95336637,2836.79000000,2700.00,0.94473200,3,19.9937,19.4037,0.590001,SIGNAL_REVERSAL,55,55,201.9343,48.203869
LOSS,2025-12-01T11:58:32.492340+00:00,2025-12-01T06:14:59.999000+00:00,ETHUSDT,SHORT,2826.34577377,2828.59000000,2000.00,0.70762750,2,-1.5881,-2.0284,0.440318,SIGNAL_REVERSAL,55,56,199.9059,48.684187
WIN,2025-12-01T11:58:32.536683+00:00,2025-12-01T07:44:59.999000+00:00,ETHUSDT,LONG,2821.05107143,2837.49000000,1000.00,0.35447781,1,5.8272,5.6061,0.221165,SIGNAL_REVERSAL,56,56,205.5119,48.925352
WIN,2025-12-01T11:58:32.567300+00:00,2025-12-01T10:14:59.999000+00:00,ETHUSDT,LONG,2831.86464286,2837.46000000,1000.00,0.35312422,1,1.9759,1.7555,0.220395,SIGNAL_REVERSAL,57,56,207.2674,49.165747
LOSS,2025-12-01T11:58:32.623468+00:00,2025-12-01T11:58:32.637444+00:00,ETHUSDT,LONG,2837.44500000,2836.19000000,1000.00,0.35242974,1,-0.4423,-0.6622,0.219912,SIMULATION_END,57,57,206.6052,49.405659
